Intercept,Value,Kg,,3.55,3.56,3.57,Err with diff grads
-192396.5,-191410,0,986.5,0.03502075,0.0351194,0.03521805,9.86500000000022E-05
-192396.5,-191493,0,903.5,0.03207425,0.0321646,0.03225495,9.03500000000029E-05
-192396.5,-191403,0,993.5,0.03526925,0.0353686,0.03546795,9.93500000000015E-05
-192396.5,-191634,0,762.5,0.02706875,0.027145,0.02722125,7.62499999999999E-05
-192396.5,-191628,0,768.5,0.02728175,0.0273586,0.02743545,7.68500000000016E-05
-192396.5,-191587,0,809.5,0.02873725,0.0288182,0.02889915,8.09500000000032E-05
-192396.5,-191561,0,835.5,0.02966025,0.0297438,0.02982735,8.35500000000034E-05
-192396.5,-191494,0,902.5,0.03203875,0.032129,0.03221925,9.02500000000035E-05
-192396.5,-191413,0,983.5,0.03491425,0.0350126,0.03511095,9.8350000000004E-05
-192396.5,-191528,0,868.5,0.03083175,0.0309186,0.03100545,8.68500000000012E-05
-192396.5,-191518,0,878.5,0.03118675,0.0312746,0.03136245,8.78500000000022E-05
-192396.5,-191558,0,838.5,0.02976675,0.0298506,0.02993445,8.38500000000016E-05
-192396.5,-191656,0,740.5,0.02628775,0.0263618,0.02643585,7.40499999999991E-05
-192396.5,-191519,0,877.5,0.03115125,0.031239,0.03132675,8.7750000000001E-05
-192396.5,-191556,0,840.5,0.02983775,0.0299218,0.03000585,8.40500000000022E-05
-192396.5,-191596,0,800.5,0.02841775,0.0284978,0.02857785,8.00500000000034E-05
-192396.5,-191570,0,826.5,0.02934075,0.0294234,0.02950605,8.26500000000001E-05
-192396.5,-191485,0,911.5,0.03235825,0.0324494,0.03254055,9.11500000000016E-05
-192396.5,-191569,0,827.5,0.02937625,0.029459,0.02954175,8.27500000000012E-05
-192396.5,-191607,0,789.5,0.02802725,0.0281062,0.02818515,7.89500000000012E-05
-192396.5,-191701,0,695.5,0.02469025,0.0247598,0.02482935,6.95500000000015E-05
-192396.5,-191424,0,972.5,0.03452375,0.034621,0.03471825,9.72500000000036E-05
-192396.5,-191448,0,948.5,0.03367175,0.0337666,0.03386145,9.48500000000005E-05
-192396.5,-191402,0,994.5,0.03530475,0.0354042,0.03550365,9.94500000000044E-05
-192396.5,-191583,0,813.5,0.02887925,0.0289606,0.02904195,8.13500000000009E-05
-192396.5,-191667,0,729.5,0.02589725,0.0259702,0.02604315,7.29500000000004E-05
-192396.5,-191613,0,783.5,0.02781425,0.0278926,0.02797095,7.83500000000013E-05
-192396.5,-191690,0,706.5,0.02508075,0.0251514,0.02522205,7.0650000000002E-05
-192396.5,-191684,0,712.5,0.02529375,0.025365,0.02543625,7.12500000000001E-05
-192396.5,-191460,0,936.5,0.03324575,0.0333394,0.03343305,9.36500000000041E-05
-192396.5,-191668,0,728.5,0.02586175,0.0259346,0.02600745,7.28500000000045E-05
-192396.5,-191533,0,863.5,0.03065425,0.0307406,0.03082695,8.63500000000024E-05
-192396.5,-191722,0,674.5,0.02394475,0.0240122,0.02407965,6.74500000000001E-05
-192396.5,-191613,0,783.5,0.02781425,0.0278926,0.02797095,7.83500000000013E-05
-192396.5,-191483,0,913.5,0.03242925,0.0325206,0.03261195,9.13500000000005E-05
-192396.5,-191564,0,832.5,0.02955375,0.029637,0.02972025,8.325E-05
-192396.5,-191650,0,746.5,0.02650075,0.0265754,0.02665005,7.46500000000025E-05
-192396.5,-191540,0,856.5,0.03040575,0.0304914,0.03057705,8.56500000000031E-05
-192396.5,-191623,0,773.5,0.02745925,0.0275366,0.02761395,7.73500000000038E-05
-192396.5,-191741,0,655.5,0.02327025,0.0233358,0.02340135,6.5550000000001E-05
-192396.5,-191459,0,937.5,0.03328125,0.033375,0.03346875,9.37500000000036E-05
-192396.5,-191565,0,831.5,0.02951825,0.0296014,0.02968455,8.31500000000023E-05
-192396.5,-191544,0,852.5,0.03026375,0.030349,0.03043425,8.5250000000002E-05
-192396.5,-191575,0,821.5,0.02916325,0.0292454,0.02932755,8.21500000000013E-05
-192396.5,-191547,0,849.5,0.03015725,0.0302422,0.03032715,8.49500000000003E-05
-192396.5,-191716,0,680.5,0.02415775,0.0242258,0.02429385,6.80500000000001E-05
-192396.5,-191666,0,730.5,0.02593275,0.0260058,0.02607885,7.30499999999998E-05
-192396.5,-191628,0,768.5,0.02728175,0.0273586,0.02743545,7.68500000000016E-05
-192396.5,-191673,0,723.5,0.02568425,0.0257566,0.02582895,7.23500000000005E-05
-192396.5,-191691,0,705.5,0.02504525,0.0251158,0.02518635,7.05500000000008E-05
-192396.5,-191636,0,760.5,0.02699775,0.0270738,0.02714985,7.60499999999994E-05
-192396.5,-191513,0,883.5,0.03136425,0.0314526,0.03154095,8.83500000000044E-05
-192396.5,-191656,0,740.5,0.02628775,0.0263618,0.02643585,7.40499999999991E-05
-192396.5,-191480,0,916.5,0.03253575,0.0326274,0.03271905,9.16500000000021E-05
-192396.5,-191505,0,891.5,0.03164825,0.0317374,0.03182655,8.91500000000031E-05
-192396.5,-191539,0,857.5,0.03044125,0.030527,0.03061275,8.57500000000008E-05
-192396.5,-191542,0,854.5,0.03033475,0.0304202,0.03050565,8.54500000000008E-05
-192396.5,-191653,0,743.5,0.02639425,0.0264686,0.02654295,7.43500000000008E-05
-192396.5,-191622,0,774.5,0.02749475,0.0275722,0.02764965,7.74500000000015E-05
-192396.5,-191621,0,775.5,0.02753025,0.0276078,0.02768535,7.75500000000043E-05
-192396.5,-191777,0,619.5,0.02199225,0.0220542,0.02211615,6.19500000000016E-05
-192396.5,-191602,0,794.5,0.02820475,0.0282842,0.02836365,7.945E-05
-192396.5,-191573,0,823.5,0.02923425,0.0293166,0.02939895,8.23500000000036E-05
-192396.5,-191556,0,840.5,0.02983775,0.0299218,0.03000585,8.40500000000022E-05
-192396.5,-191575,0,821.5,0.02916325,0.0292454,0.02932755,8.21500000000013E-05
-192396.5,-191761,0,635.5,0.02256025,0.0226238,0.02268735,6.35500000000008E-05
-192396.5,-191432,0,964.5,0.03423975,0.0343362,0.03443265,9.64500000000014E-05
-192396.5,-191610,0,786.5,0.02792075,0.0279994,0.02807805,7.8650000000003E-05
-192396.5,-191601,0,795.5,0.02824025,0.0283198,0.02839935,7.95500000000029E-05
-192396.5,-191658,0,738.5,0.02621675,0.0262906,0.02636445,7.3850000000002E-05
-192396.5,-191539,0,857.5,0.03044125,0.030527,0.03061275,8.57500000000008E-05
-192396.5,-191628,0,768.5,0.02728175,0.0273586,0.02743545,7.68500000000016E-05
-192396.5,-191712,0,684.5,0.02429975,0.0243682,0.02443665,6.84500000000029E-05
-192396.5,-191731,0,665.5,0.02362525,0.0236918,0.02375835,6.65500000000003E-05
-192396.5,-191718,0,678.5,0.02408675,0.0241546,0.02422245,6.7850000000003E-05
-192396.5,-191546,0,850.5,0.03019275,0.0302778,0.03036285,8.50500000000032E-05
-192396.5,-191720,0,676.5,0.02401575,0.0240834,0.02415105,6.76500000000007E-05
-192396.5,-191645,0,751.5,0.02667825,0.0267534,0.02682855,7.51500000000013E-05
-192396.5,-191526,0,870.5,0.03090275,0.0309898,0.03107685,8.70500000000034E-05
-192396.5,-191562,0,834.5,0.02962475,0.0297082,0.02979165,8.34500000000023E-05
-192396.5,-191539,0,857.5,0.03044125,0.030527,0.03061275,8.57500000000008E-05
-192396.5,-191741,0,655.5,0.02327025,0.0233358,0.02340135,6.5550000000001E-05
-192396.5,-191757,0,639.5,0.02270225,0.0227662,0.02283015,6.39500000000018E-05
-192396.5,-191694,0,702.5,0.02493875,0.025009,0.02507925,7.02500000000009E-05
-192396.5,-191738,0,658.5,0.02337675,0.0234426,0.02350845,6.58500000000027E-05
-192396.5,-191733,0,663.5,0.02355425,0.0236206,0.02368695,6.63500000000015E-05
-192396.5,-191615,0,781.5,0.02774325,0.0278214,0.02789955,7.81500000000025E-05
-192396.5,-191733,0,663.5,0.02355425,0.0236206,0.02368695,6.63500000000015E-05
-192396.5,-191702,0,694.5,0.02465475,0.0247242,0.02479365,6.94500000000021E-05
-192396.5,-191641,0,755.5,0.02682025,0.0268958,0.02697135,7.55500000000006E-05
-192396.5,-191728,0,668.5,0.02373175,0.0237986,0.02386545,6.6850000000002E-05
-192396.5,-191766,0,630.5,0.02238275,0.0224458,0.02250885,6.3050000000002E-05
-192396.5,-191718,0,678.5,0.02408675,0.0241546,0.02422245,6.7850000000003E-05
-192396.5,-191613,0,783.5,0.02781425,0.0278926,0.02797095,7.83500000000013E-05
-192396.5,-191677,0,719.5,0.02554225,0.0256142,0.02568615,7.19500000000012E-05
-192396.5,-191690,0,706.5,0.02508075,0.0251514,0.02522205,7.0650000000002E-05
-192396.5,-191824,0,572.5,0.02032375,0.020381,0.02043825,5.725E-05
-192396.5,-191523,0,873.5,0.03100925,0.0310966,0.03118395,8.73500000000034E-05
-192396.5,-191551,0,845.5,0.03001525,0.0300998,0.03018435,8.45500000000044E-05
-192396.5,-191738,0,658.5,0.02337675,0.0234426,0.02350845,6.58500000000027E-05
-192396.5,199016,14.1,391412.5,13.89514375,13.934285,13.97342625,0.039141249999999
-192396.5,198970,14.1,391366.5,13.89351075,13.9326474,13.97178405,0.039136650000001
-192396.5,199213,14.1,391609.5,13.90213725,13.9412982,13.98045915,0.03916095
-192396.5,198930,14.1,391326.5,13.89209075,13.9312234,13.97035605,0.039132650000002
-192396.5,199054,14.1,391450.5,13.89649275,13.9356378,13.97478285,0.039145050000002
-192396.5,199101,14.1,391497.5,13.89816125,13.937311,13.97646075,0.039149750000001
-192396.5,199160,14.1,391556.5,13.90025575,13.9394114,13.97856705,0.039155650000001
-192396.5,199233,14.1,391629.5,13.90284725,13.9420102,13.98117315,0.039162950000002
-192396.5,199349,14.1,391745.5,13.90696525,13.9461398,13.98531435,0.039174550000001
-192396.5,199176,14.1,391572.5,13.90082375,13.939981,13.97913825,0.039157250000001
-192396.5,199283,14.1,391679.5,13.90462225,13.9437902,13.98295815,0.039167950000001
-192396.5,199165,14.1,391561.5,13.90043325,13.9395894,13.97874555,0.039156150000001
-192396.5,199174,14.1,391570.5,13.90075275,13.9399098,13.97906685,0.039157050000001
-192396.5,199136,14.1,391532.5,13.89940375,13.938557,13.97771025,0.039153250000001
-192396.5,199169,14.1,391565.5,13.90057525,13.9397318,13.97888835,0.039156550000001
-192396.5,199207,14.1,391603.5,13.90192425,13.9410846,13.98024495,0.03916035
-192396.5,199252,14.1,391648.5,13.90352175,13.9426866,13.98185145,0.03916485
-192396.5,199300,14.1,391696.5,13.90522575,13.9443954,13.98356505,0.039169650000001
-192396.5,199302,14.1,391698.5,13.90529675,13.9444666,13.98363645,0.03916985
-192396.5,199241,14.1,391637.5,13.90313125,13.942295,13.98145875,0.03916375
-192396.5,199252,14.1,391648.5,13.90352175,13.9426866,13.98185145,0.03916485
-192396.5,199308,14.1,391704.5,13.90550975,13.9446802,13.98385065,0.039170450000002
-192396.5,199297,14.1,391693.5,13.90511925,13.9442886,13.98345795,0.039169350000001
-192396.5,199291,14.1,391687.5,13.90490625,13.944075,13.98324375,0.03916875
-192396.5,199420,14.1,391816.5,13.90948575,13.9486674,13.98784905,0.03918165
-192396.5,199213,14.1,391609.5,13.90213725,13.9412982,13.98045915,0.03916095
-192396.5,199279,14.1,391675.5,13.90448025,13.9436478,13.98281535,0.039167550000001
-192396.5,199385,14.1,391781.5,13.90824325,13.9474214,13.98659955,0.039178150000001
-192396.5,199330,14.1,391726.5,13.90629075,13.9454634,13.98463605,0.039172650000001
-192396.5,199256,14.1,391652.5,13.90366375,13.942829,13.98199425,0.03916525
-192396.5,199410,14.1,391806.5,13.90913075,13.9483114,13.98749205,0.039180650000001
-192396.5,199112,14.1,391508.5,13.89855175,13.9377026,13.97685345,0.03915085
-192396.5,199259,14.1,391655.5,13.90377025,13.9429358,13.98210135,0.039165550000001
-192396.5,199425,14.1,391821.5,13.90966325,13.9488454,13.98802755,0.039182150000001
-192396.5,199212,14.1,391608.5,13.90210175,13.9412626,13.98042345,0.039160850000001
-192396.5,199292,14.1,391688.5,13.90494175,13.9441106,13.98327945,0.03916885
-192396.5,199402,14.1,391798.5,13.90884675,13.9480266,13.98720645,0.03917985
-192396.5,199392,14.1,391788.5,13.90849175,13.9476706,13.98684945,0.039178850000001
-192396.5,199257,14.1,391653.5,13.90369925,13.9428646,13.98202995,0.03916535
-192396.5,199465,14.1,391861.5,13.91108325,13.9502694,13.98945555,0.039186150000002
-192396.5,199469,14.1,391865.5,13.91122525,13.9504118,13.98959835,0.039186550000001
-192396.5,199490,14.1,391886.5,13.91197075,13.9511594,13.99034805,0.039188650000001
-192396.5,199299,14.1,391695.5,13.90519025,13.9443598,13.98352935,0.039169550000001
-192396.5,199286,14.1,391682.5,13.90472875,13.943897,13.98306525,0.03916825
-192396.5,199406,14.1,391802.5,13.90898875,13.948169,13.98734925,0.03918025
-192396.5,199380,14.1,391776.5,13.90806575,13.9472434,13.98642105,0.039177650000002
-192396.5,199411,14.1,391807.5,13.90916625,13.948347,13.98752775,0.039180750000001
-192396.5,199385,14.1,391781.5,13.90824325,13.9474214,13.98659955,0.039178150000001
-192396.5,199304,14.1,391700.5,13.90536775,13.9445378,13.98370785,0.039170050000001
-192396.5,199302,14.1,391698.5,13.90529675,13.9444666,13.98363645,0.03916985
-192396.5,199489,14.1,391885.5,13.91193525,13.9511238,13.99031235,0.039188550000001
-192396.5,199315,14.1,391711.5,13.90575825,13.9449294,13.98410055,0.039171150000001
-192396.5,199354,14.1,391750.5,13.90714275,13.9463178,13.98549285,0.039175050000002
-192396.5,199439,14.1,391835.5,13.91016025,13.9493438,13.98852735,0.039183550000002
-192396.5,199381,14.1,391777.5,13.90810125,13.947279,13.98645675,0.03917775
-192396.5,199450,14.1,391846.5,13.91055075,13.9497354,13.98892005,0.039184650000001
-192396.5,199425,14.1,391821.5,13.90966325,13.9488454,13.98802755,0.039182150000001
-192396.5,199511,14.1,391907.5,13.91271625,13.951907,13.99109775,0.03919075
-192396.5,199548,14.1,391944.5,13.91402975,13.9532242,13.99241865,0.039194450000002
-192396.5,199499,14.1,391895.5,13.91229025,13.9514798,13.99066935,0.039189550000001
-192396.5,199407,14.1,391803.5,13.90902425,13.9482046,13.98738495,0.039180350000001
-192396.5,199403,14.1,391799.5,13.90888225,13.9480622,13.98724215,0.039179950000001
-192396.5,199417,14.1,391813.5,13.90937925,13.9485606,13.98774195,0.03918135
-192396.5,199208,14.1,391604.5,13.90195975,13.9411202,13.98028065,0.039160450000002
-192396.5,199471,14.1,391867.5,13.91129625,13.950483,13.98966975,0.039186750000001
-192396.5,199507,14.1,391903.5,13.91257425,13.9517646,13.99095495,0.03919035
-192396.5,199418,14.1,391814.5,13.90941475,13.9485962,13.98777765,0.039181450000002
-192396.5,199429,14.1,391825.5,13.90980525,13.9489878,13.98817035,0.039182550000001
-192396.5,199544,14.1,391940.5,13.91388775,13.9530818,13.99227585,0.039194050000002
-192396.5,199438,14.1,391834.5,13.91012475,13.9493082,13.98849165,0.039183450000001
-192396.5,199478,14.1,391874.5,13.91154475,13.9507322,13.98991965,0.039187450000001
-192396.5,199628,14.1,392024.5,13.91686975,13.9560722,13.99527465,0.039202450000001
-192396.5,199529,14.1,391925.5,13.91335525,13.9525478,13.99174035,0.039192550000001
-192396.5,199370,14.1,391766.5,13.90771075,13.9468874,13.98606405,0.03917665
-192396.5,199424,14.1,391820.5,13.90962775,13.9488098,13.98799185,0.039182050000001
-192396.5,199604,14.1,392000.5,13.91601775,13.9552178,13.99441785,0.039200050000002
-192396.5,199453,14.1,391849.5,13.91065725,13.9498422,13.98902715,0.039184950000001
-192396.5,199392,14.1,391788.5,13.90849175,13.9476706,13.98684945,0.039178850000001
-192396.5,199434,14.1,391830.5,13.90998275,13.9491658,13.98834885,0.03918305
-192396.5,199463,14.1,391859.5,13.91101225,13.9501982,13.98938415,0.039185950000001
-192396.5,199430,14.1,391826.5,13.90984075,13.9490234,13.98820605,0.039182650000002
-192396.5,199383,14.1,391779.5,13.90817225,13.9473502,13.98652815,0.039177950000002
-192396.5,199464,14.1,391860.5,13.91104775,13.9502338,13.98941985,0.039186050000001
-192396.5,199416,14.1,391812.5,13.90934375,13.948525,13.98770625,0.03918125
-192396.5,199345,14.1,391741.5,13.90682325,13.9459974,13.98517155,0.03917415
-192396.5,199601,14.1,391997.5,13.91591125,13.955111,13.99431075,0.039199750000001
-192396.5,199386,14.1,391782.5,13.90827875,13.947457,13.98663525,0.039178250000001
-192396.5,199434,14.1,391830.5,13.90998275,13.9491658,13.98834885,0.03918305
-192396.5,199399,14.1,391795.5,13.90874025,13.9479198,13.98709935,0.039179550000001
-192396.5,199300,14.1,391696.5,13.90522575,13.9443954,13.98356505,0.039169650000001
-192396.5,199359,14.1,391755.5,13.90732025,13.9464958,13.98567135,0.03917555
-192396.5,199549,14.1,391945.5,13.91406525,13.9532598,13.99245435,0.039194550000001
-192396.5,199664,14.1,392060.5,13.91814775,13.9573538,13.99655985,0.039206050000001
-192396.5,199503,14.1,391899.5,13.91243225,13.9516222,13.99081215,0.039189950000001
-192396.5,199503,14.1,391899.5,13.91243225,13.9516222,13.99081215,0.039189950000001
-192396.5,199323,14.1,391719.5,13.90604225,13.9452142,13.98438615,0.039171950000002
-192396.5,199404,14.1,391800.5,13.90891775,13.9480978,13.98727785,0.039180050000002
-192396.5,199436,14.1,391832.5,13.91005375,13.949237,13.98842025,0.039183250000001
-192396.5,199269,14.1,391665.5,13.90412525,13.9432918,13.98245835,0.039166550000001
-192396.5,199479,14.1,391875.5,13.91158025,13.9507678,13.98995535,0.039187550000001
-192396.5,353482,19.6,545878.5,19.37868675,19.4332746,19.48786245,0.054587850000003
-192396.5,353319,19.6,545715.5,19.37290025,19.4274718,19.48204335,0.05457155
-192396.5,353384,19.6,545780.5,19.37520775,19.4297858,19.48436385,0.054578050000002
-192396.5,353262,19.6,545658.5,19.37087675,19.4254426,19.48000845,0.054565850000003
-192396.5,353406,19.6,545802.5,19.37598875,19.430569,19.48514925,0.054580249999999
-192396.5,353471,19.6,545867.5,19.37829625,19.432883,19.48746975,0.054586750000002
-192396.5,353293,19.6,545689.5,19.37197725,19.4265462,19.48111515,0.054568950000002
-192396.5,353297,19.6,545693.5,19.37211925,19.4266886,19.48125795,0.054569350000001
-192396.5,353371,19.6,545767.5,19.37474625,19.429323,19.48389975,0.054576750000001
-192396.5,353329,19.6,545725.5,19.37325525,19.4278278,19.48240035,0.054572550000001
-192396.5,353395,19.6,545791.5,19.37559825,19.4301774,19.48475655,0.054579150000002
-192396.5,353122,19.6,545518.5,19.36590675,19.4204586,19.47501045,0.054551850000003
-192396.5,353175,19.6,545571.5,19.36778825,19.4223454,19.47690255,0.054557150000001
-192396.5,353091,19.6,545487.5,19.36480625,19.419355,19.47390375,0.05454875
-192396.5,353474,19.6,545870.5,19.37840275,19.4329898,19.48757685,0.05458705
-192396.5,353315,19.6,545711.5,19.37275825,19.4273294,19.48190055,0.054571150000001
-192396.5,353449,19.6,545845.5,19.37751525,19.4320998,19.48668435,0.054584550000001
-192396.5,353387,19.6,545783.5,19.37531425,19.4298926,19.48447095,0.054578350000002
-192396.5,353284,19.6,545680.5,19.37165775,19.4262258,19.48079385,0.05456805
-192396.5,353262,19.6,545658.5,19.37087675,19.4254426,19.48000845,0.054565850000003
-192396.5,353381,19.6,545777.5,19.37510125,19.429679,19.48425675,0.05457775
-192396.5,353463,19.6,545859.5,19.37801225,19.4325982,19.48718415,0.054585950000002
-192396.5,353459,19.6,545855.5,19.37787025,19.4324558,19.48704135,0.054585550000002
-192396.5,353482,19.6,545878.5,19.37868675,19.4332746,19.48786245,0.054587850000003
-192396.5,353308,19.6,545704.5,19.37250975,19.4270802,19.48165065,0.054570450000002
-192396.5,353270,19.6,545666.5,19.37116075,19.4257274,19.48029405,0.054566650000002
-192396.5,353310,19.6,545706.5,19.37258075,19.4271514,19.48172205,0.054570650000001
-192396.5,353274,19.6,545670.5,19.37130275,19.4258698,19.48043685,0.054567050000001
-192396.5,353252,19.6,545648.5,19.37052175,19.4250866,19.47965145,0.054564850000002
-192396.5,353342,19.6,545738.5,19.37371675,19.4282906,19.48286445,0.054573850000001
-192396.5,353469,19.6,545865.5,19.37822525,19.4328118,19.48739835,0.054586550000002
-192396.5,353299,19.6,545695.5,19.37219025,19.4267598,19.48132935,0.05456955
-192396.5,353257,19.6,545653.5,19.37069925,19.4252646,19.47982995,0.054565350000003
-192396.5,353302,19.6,545698.5,19.37229675,19.4268666,19.48143645,0.054569850000004
-192396.5,353433,19.6,545829.5,19.37694725,19.4315302,19.48611315,0.054582950000002
-192396.5,353484,19.6,545880.5,19.37875775,19.4333458,19.48793385,0.054588050000001
-192396.5,353437,19.6,545833.5,19.37708925,19.4316726,19.48625595,0.054583350000002
-192396.5,353215,19.6,545611.5,19.36920825,19.4237694,19.47833055,0.054561150000001
-192396.5,353246,19.6,545642.5,19.37030875,19.424873,19.47943725,0.05456425
-192396.5,352983,19.6,545379.5,19.36097225,19.4155102,19.47004815,0.05453795
-192396.5,353347,19.6,545743.5,19.37389425,19.4284686,19.48304295,0.054574350000001
-192396.5,353133,19.6,545529.5,19.36629725,19.4208502,19.47540315,0.054552950000002
-192396.5,353247,19.6,545643.5,19.37034425,19.4249086,19.47947295,0.054564350000002
-192396.5,353193,19.6,545589.5,19.36842725,19.4229862,19.47754515,0.054558950000001
-192396.5,353342,19.6,545738.5,19.37371675,19.4282906,19.48286445,0.054573850000001
-192396.5,353078,19.6,545474.5,19.36434475,19.4188922,19.47343965,0.054547450000001
-192396.5,352982,19.6,545378.5,19.36093675,19.4154746,19.47001245,0.054537850000003
-192396.5,353129,19.6,545525.5,19.36615525,19.4207078,19.47526035,0.054552550000002
-192396.5,353002,19.6,545398.5,19.36164675,19.4161866,19.47072645,0.054539850000001
-192396.5,353028,19.6,545424.5,19.36256975,19.4171122,19.47165465,0.054542450000001
-192396.5,353283,19.6,545679.5,19.37162225,19.4261902,19.48075815,0.054567950000003
-192396.5,353005,19.6,545401.5,19.36175325,19.4162934,19.47083355,0.054540150000001
-192396.5,353260,19.6,545656.5,19.37080575,19.4253714,19.47993705,0.054565650000001
-192396.5,353152,19.6,545548.5,19.36697175,19.4215266,19.47608145,0.054554850000002
-192396.5,353339,19.6,545735.5,19.37361025,19.4281838,19.48275735,0.054573550000001
-192396.5,353121,19.6,545517.5,19.36587125,19.420423,19.47497475,0.05455175
-192396.5,353064,19.6,545460.5,19.36384775,19.4183938,19.47293985,0.054546050000001
-192396.5,353129,19.6,545525.5,19.36615525,19.4207078,19.47526035,0.054552550000002
-192396.5,353037,19.6,545433.5,19.36288925,19.4174326,19.47197595,0.054543350000001
-192396.5,353170,19.6,545566.5,19.36761075,19.4221674,19.47672405,0.05455665
-192396.5,353214,19.6,545610.5,19.36917275,19.4237338,19.47829485,0.05456105
-192396.5,353159,19.6,545555.5,19.36722025,19.4217758,19.47633135,0.054555550000002
-192396.5,353191,19.6,545587.5,19.36835625,19.422915,19.47747375,0.05455875
-192396.5,353116,19.6,545512.5,19.36569375,19.420245,19.47479625,0.054551250000001
-192396.5,353190,19.6,545586.5,19.36832075,19.4228794,19.47743805,0.054558650000001
-192396.5,353051,19.6,545447.5,19.36338625,19.417931,19.47247575,0.05454475
-192396.5,353192,19.6,545588.5,19.36839175,19.4229506,19.47750945,0.054558850000001
-192396.5,353293,19.6,545689.5,19.37197725,19.4265462,19.48111515,0.054568950000002
-192396.5,352928,19.6,545324.5,19.35901975,19.4135522,19.46808465,0.054532450000002
-192396.5,353012,19.6,545408.5,19.36200175,19.4165426,19.47108345,0.054540850000002
-192396.5,353081,19.6,545477.5,19.36445125,19.418999,19.47354675,0.054547750000001
-192396.5,352981,19.6,545377.5,19.36090125,19.415439,19.46997675,0.05453775
-192396.5,353186,19.6,545582.5,19.36817875,19.422737,19.47729525,0.054558250000001
-192396.5,353316,19.6,545712.5,19.37279375,19.427365,19.48193625,0.054571250000002
-192396.5,353090,19.6,545486.5,19.36477075,19.4193194,19.47386805,0.054548650000001
-192396.5,353213,19.6,545609.5,19.36913725,19.4236982,19.47825915,0.054560950000003
-192396.5,353048,19.6,545444.5,19.36327975,19.4178242,19.47236865,0.054544450000002
-192396.5,353027,19.6,545423.5,19.36253425,19.4170766,19.47161895,0.054542350000002
-192396.5,352887,19.6,545283.5,19.35756425,19.4120926,19.46662095,0.054528350000002
-192396.5,352864,19.6,545260.5,19.35674775,19.4112738,19.46579985,0.05452605
-192396.5,353063,19.6,545459.5,19.36381225,19.4183582,19.47290415,0.054545950000001
-192396.5,353098,19.6,545494.5,19.36505475,19.4196042,19.47415365,0.054549450000002
-192396.5,353244,19.6,545640.5,19.37023775,19.4248018,19.47936585,0.054564050000002
-192396.5,352959,19.6,545355.5,19.36012025,19.4146558,19.46919135,0.054535550000003
-192396.5,353011,19.6,545407.5,19.36196625,19.416507,19.47104775,0.054540750000001
-192396.5,353070,19.6,545466.5,19.36406075,19.4186074,19.47315405,0.054546650000001
-192396.5,353096,19.6,545492.5,19.36498375,19.419533,19.47408225,0.054549250000001
-192396.5,353030,19.6,545426.5,19.36264075,19.4171834,19.47172605,0.05454265
-192396.5,352918,19.6,545314.5,19.35866475,19.4131962,19.46772765,0.054531450000001
-192396.5,353121,19.6,545517.5,19.36587125,19.420423,19.47497475,0.05455175
-192396.5,353144,19.6,545540.5,19.36668775,19.4212418,19.47579585,0.05455405
-192396.5,353002,19.6,545398.5,19.36164675,19.4161866,19.47072645,0.054539850000001
-192396.5,353105,19.6,545501.5,19.36530325,19.4198534,19.47440355,0.054550150000001
-192396.5,353136,19.6,545532.5,19.36640375,19.420957,19.47551025,0.054553250000002
-192396.5,352982,19.6,545378.5,19.36093675,19.4154746,19.47001245,0.054537850000003
-192396.5,353151,19.6,545547.5,19.36693625,19.421491,19.47604575,0.054554750000001
-192396.5,353208,19.6,545604.5,19.36895975,19.4235202,19.47808065,0.054560450000002
-192396.5,353066,19.6,545462.5,19.36391875,19.418465,19.47301125,0.054546250000001
-192396.5,353088,19.6,545484.5,19.36469975,19.4192482,19.47379665,0.054548450000002
-192396.5,352944,19.6,545340.5,19.35958775,19.4141218,19.46865585,0.054534050000001
-192396.5,496136,24.8,688532.5,24.44290375,24.511757,24.58061025,0.068853250000002
-192396.5,495962,24.8,688358.5,24.43672675,24.5055626,24.57439845,0.068835850000001
-192396.5,496032,24.8,688428.5,24.43921175,24.5080546,24.57689745,0.068842850000001
-192396.5,496005,24.8,688401.5,24.43825325,24.5070934,24.57593355,0.06884015
-192396.5,496049,24.8,688445.5,24.43981525,24.5086598,24.57750435,0.068844550000002
-192396.5,496077,24.8,688473.5,24.44080925,24.5096566,24.57850395,0.068847350000002
-192396.5,496193,24.8,688589.5,24.44492725,24.5137862,24.58264515,0.068858950000001
-192396.5,496136,24.8,688532.5,24.44290375,24.511757,24.58061025,0.068853250000002
-192396.5,495888,24.8,688284.5,24.43409975,24.5029282,24.57175665,0.06882845
-192396.5,495763,24.8,688159.5,24.42966225,24.4984782,24.56729415,0.068815949999999
-192396.5,495943,24.8,688339.5,24.43605225,24.5048862,24.57372015,0.06883395
-192396.5,495805,24.8,688201.5,24.43115325,24.4999734,24.56879355,0.068820150000001
-192396.5,495794,24.8,688190.5,24.43076275,24.4995818,24.56840085,0.068819050000002
-192396.5,495825,24.8,688221.5,24.43186325,24.5006854,24.56950755,0.068822150000004
-192396.5,495935,24.8,688331.5,24.43576825,24.5046014,24.57343455,0.068833150000002
-192396.5,495943,24.8,688339.5,24.43605225,24.5048862,24.57372015,0.06883395
-192396.5,495826,24.8,688222.5,24.43189875,24.500721,24.56954325,0.068822250000002
-192396.5,495827,24.8,688223.5,24.43193425,24.5007566,24.56957895,0.068822350000001
-192396.5,495816,24.8,688212.5,24.43154375,24.500365,24.56918625,0.068821250000001
-192396.5,495770,24.8,688166.5,24.42991075,24.4987274,24.56754405,0.068816650000002
-192396.5,495803,24.8,688199.5,24.43108225,24.4999022,24.56872215,0.068819950000002
-192396.5,495827,24.8,688223.5,24.43193425,24.5007566,24.56957895,0.068822350000001
-192396.5,495677,24.8,688073.5,24.42660925,24.4954166,24.56422395,0.06880735
-192396.5,495741,24.8,688137.5,24.42888125,24.497695,24.56650875,0.06881375
-192396.5,495775,24.8,688171.5,24.43008825,24.4989054,24.56772255,0.068817150000003
-192396.5,495765,24.8,688161.5,24.42973325,24.4985494,24.56736555,0.068816150000002
-192396.5,495823,24.8,688219.5,24.43179225,24.5006142,24.56943615,0.06882195
-192396.5,495763,24.8,688159.5,24.42966225,24.4984782,24.56729415,0.068815949999999
-192396.5,495702,24.8,688098.5,24.42749675,24.4963066,24.56511645,0.068809850000001
-192396.5,495710,24.8,688106.5,24.42778075,24.4965914,24.56540205,0.068810650000002
-192396.5,495534,24.8,687930.5,24.42153275,24.4903258,24.55911885,0.06879305
-192396.5,495532,24.8,687928.5,24.42146175,24.4902546,24.55904745,0.068792850000001
-192396.5,495709,24.8,688105.5,24.42774525,24.4965558,24.56536635,0.068810550000002
-192396.5,495672,24.8,688068.5,24.42643175,24.4952386,24.56404545,0.068806850000003
-192396.5,495542,24.8,687938.5,24.42181675,24.4906106,24.55940445,0.068793850000002
-192396.5,495515,24.8,687911.5,24.42085825,24.4896494,24.55844055,0.068791150000001
-192396.5,495719,24.8,688115.5,24.42810025,24.4969118,24.56572335,0.06881155
-192396.5,495608,24.8,688004.5,24.42415975,24.4929602,24.56176065,0.068800450000001
-192396.5,495611,24.8,688007.5,24.42426625,24.493067,24.56186775,0.068800750000003
-192396.5,495660,24.8,688056.5,24.42600575,24.4948114,24.56361705,0.068805650000002
-192396.5,495567,24.8,687963.5,24.42270425,24.4915006,24.56029695,0.068796350000001
-192396.5,495626,24.8,688022.5,24.42479875,24.493601,24.56240325,0.068802250000001
-192396.5,495705,24.8,688101.5,24.42760325,24.4964134,24.56522355,0.068810150000001
-192396.5,495643,24.8,688039.5,24.42540225,24.4942062,24.56301015,0.06880395
-192396.5,495482,24.8,687878.5,24.41968675,24.4884746,24.55726245,0.068787850000002
-192396.5,495499,24.8,687895.5,24.42029025,24.4890798,24.55786935,0.06878955
-192396.5,495484,24.8,687880.5,24.41975775,24.4885458,24.55733385,0.068788050000002
-192396.5,495513,24.8,687909.5,24.42078725,24.4895782,24.55836915,0.06879095
-192396.5,495476,24.8,687872.5,24.41947375,24.488261,24.55704825,0.06878725
-192396.5,495428,24.8,687824.5,24.41776975,24.4865522,24.55533465,0.068782450000001
-192396.5,495479,24.8,687875.5,24.41958025,24.4883678,24.55715535,0.068787550000002
-192396.5,495577,24.8,687973.5,24.42305925,24.4918566,24.56065395,0.068797350000001
-192396.5,495592,24.8,687988.5,24.42359175,24.4923906,24.56118945,0.068798850000004
-192396.5,495525,24.8,687921.5,24.42121325,24.4900054,24.55879755,0.068792150000004
-192396.5,495527,24.8,687923.5,24.42128425,24.4900766,24.55886895,0.068792350000001
-192396.5,495470,24.8,687866.5,24.41926075,24.4880474,24.55683405,0.068786650000003
-192396.5,495465,24.8,687861.5,24.41908325,24.4878694,24.55665555,0.068786150000003
-192396.5,495548,24.8,687944.5,24.42202975,24.4908242,24.55961865,0.06879445
-192396.5,495387,24.8,687783.5,24.41631425,24.4850926,24.55387095,0.068778350000001
-192396.5,495392,24.8,687788.5,24.41649175,24.4852706,24.55404945,0.068778850000003
-192396.5,495327,24.8,687723.5,24.41418425,24.4829566,24.55172895,0.068772350000002
-192396.5,495260,24.8,687656.5,24.41180575,24.4805714,24.54933705,0.068765650000003
-192396.5,495187,24.8,687583.5,24.40921425,24.4779726,24.54673095,0.068758350000001
-192396.5,495298,24.8,687694.5,24.41315475,24.4819242,24.55069365,0.068769450000001
-192396.5,495267,24.8,687663.5,24.41205425,24.4808206,24.54958695,0.068766350000003
-192396.5,495445,24.8,687841.5,24.41837325,24.4871574,24.55594155,0.068784150000003
-192396.5,494959,24.8,687355.5,24.40112025,24.4698558,24.53859135,0.068735550000001
-192396.5,495293,24.8,687689.5,24.41297725,24.4817462,24.55051515,0.068768950000001
-192396.5,495103,24.8,687499.5,24.40623225,24.4749822,24.54373215,0.068749950000001
-192396.5,495470,24.8,687866.5,24.41926075,24.4880474,24.55683405,0.068786650000003
-192396.5,495354,24.8,687750.5,24.41514275,24.4839178,24.55269285,0.068775050000003
-192396.5,495299,24.8,687695.5,24.41319025,24.4819598,24.55072935,0.068769550000001
-192396.5,495371,24.8,687767.5,24.41574625,24.484523,24.55329975,0.06877675
-192396.5,495371,24.8,687767.5,24.41574625,24.484523,24.55329975,0.06877675
-192396.5,495001,24.8,687397.5,24.40261125,24.471351,24.54009075,0.068739750000001
-192396.5,495397,24.8,687793.5,24.41666925,24.4854486,24.55422795,0.068779350000003
-192396.5,495256,24.8,687652.5,24.41166375,24.480429,24.54919425,0.068765250000002
-192396.5,495182,24.8,687578.5,24.40903675,24.4777946,24.54655245,0.068757850000001
-192396.5,495376,24.8,687772.5,24.41592375,24.484701,24.55347825,0.06877725
-192396.5,495110,24.8,687506.5,24.40648075,24.4752314,24.54398205,0.068750650000002
-192396.5,495181,24.8,687577.5,24.40900125,24.477759,24.54651675,0.068757750000001
-192396.5,495090,24.8,687486.5,24.40577075,24.4745194,24.54326805,0.068748650000002
-192396.5,495145,24.8,687541.5,24.40772325,24.4764774,24.54523155,0.068754150000004
-192396.5,495076,24.8,687472.5,24.40527375,24.474021,24.54276825,0.068747250000001
-192396.5,495100,24.8,687496.5,24.40612575,24.4748754,24.54362505,0.068749650000003
-192396.5,495188,24.8,687584.5,24.40924975,24.4780082,24.54676665,0.068758450000001
-192396.5,495115,24.8,687511.5,24.40665825,24.4754094,24.54416055,0.068751150000003
-192396.5,495177,24.8,687573.5,24.40885925,24.4776166,24.54637395,0.06875735
-192396.5,495156,24.8,687552.5,24.40811375,24.476869,24.54562425,0.068755250000002
-192396.5,494929,24.8,687325.5,24.40005525,24.4687878,24.53752035,0.068732550000002
-192396.5,495069,24.8,687465.5,24.40502525,24.4737718,24.54251835,0.06874655
-192396.5,495149,24.8,687545.5,24.40786525,24.4766198,24.54537435,0.06875455
-192396.5,495172,24.8,687568.5,24.40868175,24.4774386,24.54619545,0.068756850000002
-192396.5,494977,24.8,687373.5,24.40175925,24.4704966,24.53923395,0.068737350000001
-192396.5,495120,24.8,687516.5,24.40683575,24.4755874,24.54433905,0.068751650000003
-192396.5,495206,24.8,687602.5,24.40988875,24.478649,24.54740925,0.06876025
-192396.5,495149,24.8,687545.5,24.40786525,24.4766198,24.54537435,0.06875455
-192396.5,495070,24.8,687466.5,24.40506075,24.4738074,24.54255405,0.068746650000003
-192396.5,495095,24.8,687491.5,24.40594825,24.4746974,24.54344655,0.068749150000002
-192396.5,495016,24.8,687412.5,24.40314375,24.471885,24.54062625,0.068741249999999
-192396.5,586539,28,778935.5,27.65221025,27.7301038,27.80799735,0.077893550000003
-192396.5,586498,28,778894.5,27.65075475,27.7286442,27.80653365,0.077889450000001
-192396.5,586630,28,779026.5,27.65544075,27.7333434,27.81124605,0.077902650000004
-192396.5,586443,28,778839.5,27.64880225,27.7266862,27.80457015,0.07788395
-192396.5,586510,28,778906.5,27.65118075,27.7290714,27.80696205,0.077890650000001
-192396.5,586517,28,778913.5,27.65142925,27.7293206,27.80721195,0.077891350000002
-192396.5,586497,28,778893.5,27.65071925,27.7286086,27.80649795,0.077889350000003
-192396.5,586443,28,778839.5,27.64880225,27.7266862,27.80457015,0.07788395
-192396.5,586468,28,778864.5,27.64968975,27.7275762,27.80546265,0.077886450000001
-192396.5,586484,28,778880.5,27.65025775,27.7281458,27.80603385,0.077888050000002
-192396.5,586421,28,778817.5,27.64802125,27.725903,27.80378475,0.077881750000001
-192396.5,586263,28,778659.5,27.64241225,27.7202782,27.79814415,0.07786595
-192396.5,586374,28,778770.5,27.64635275,27.7242298,27.80210685,0.077877050000002
-192396.5,586618,28,779014.5,27.65501475,27.7329162,27.81081765,0.077901450000001
-192396.5,586423,28,778819.5,27.64809225,27.7259742,27.80385615,0.07788195
-192396.5,586491,28,778887.5,27.65050625,27.728395,27.80628375,0.07788875
-192396.5,586436,28,778832.5,27.64855375,27.726437,27.80432025,0.077883250000001
-192396.5,586247,28,778643.5,27.64184425,27.7197086,27.79757295,0.077864350000002
-192396.5,586478,28,778874.5,27.65004475,27.7279322,27.80581965,0.077887450000002
-192396.5,586490,28,778886.5,27.65047075,27.7283594,27.80624805,0.077888650000002
-192396.5,586405,28,778801.5,27.64745325,27.7253334,27.80321355,0.077880150000004
-192396.5,586330,28,778726.5,27.64479075,27.7226634,27.80053605,0.077872650000003
-192396.5,586410,28,778806.5,27.64763075,27.7255114,27.80339205,0.077880650000001
-192396.5,586399,28,778795.5,27.64724025,27.7251198,27.80299935,0.077879550000001
-192396.5,586442,28,778838.5,27.64876675,27.7266506,27.80453445,0.077883850000003
-192396.5,586473,28,778869.5,27.64986725,27.7277542,27.80564115,0.077886950000002
-192396.5,586614,28,779010.5,27.65487275,27.7327738,27.81067485,0.077901050000001
-192396.5,586404,28,778800.5,27.64741775,27.7252978,27.80317785,0.077880050000001
-192396.5,586303,28,778699.5,27.64383225,27.7217022,27.79957215,0.07786995
-192396.5,586379,28,778775.5,27.64653025,27.7244078,27.80228535,0.077877550000002
-192396.5,586488,28,778884.5,27.65039975,27.7282882,27.80617665,0.07788845
-192396.5,586161,28,778557.5,27.63879125,27.716647,27.79450275,0.077855750000001
-192396.5,586245,28,778641.5,27.64177325,27.7196374,27.79750155,0.077864150000004
-192396.5,586503,28,778899.5,27.65093225,27.7288222,27.80671215,0.077889950000001
-192396.5,586285,28,778681.5,27.64319325,27.7210614,27.79892955,0.077868150000002
-192396.5,586384,28,778780.5,27.64670775,27.7245858,27.80246385,0.077878050000003
-192396.5,586432,28,778828.5,27.64841175,27.7262946,27.80417745,0.077882850000002
-192396.5,586265,28,778661.5,27.64248325,27.7203494,27.79821555,0.077866150000002
-192396.5,586256,28,778652.5,27.64216375,27.720029,27.79789425,0.07786525
-192396.5,586066,28,778462.5,27.63541875,27.713265,27.79111125,0.07784625
-192396.5,586305,28,778701.5,27.64390325,27.7217734,27.79964355,0.077870150000004
-192396.5,586353,28,778749.5,27.64560725,27.7234822,27.80135715,0.077874950000002
-192396.5,586203,28,778599.5,27.64028225,27.7181422,27.79600215,0.077859950000001
-192396.5,586243,28,778639.5,27.64170225,27.7195662,27.79743015,0.077863949999999
-192396.5,586273,28,778669.5,27.64276725,27.7206342,27.79850115,0.077866950000001
-192396.5,586166,28,778562.5,27.63896875,27.716825,27.79468125,0.07785625
-192396.5,586371,28,778767.5,27.64624625,27.724123,27.80199975,0.07787675
-192396.5,586255,28,778651.5,27.64212825,27.7199934,27.79785855,0.077865150000003
-192396.5,586200,28,778596.5,27.64017575,27.7180354,27.79589505,0.077859650000002
-192396.5,586339,28,778735.5,27.64511025,27.7229838,27.80085735,0.077873550000003
-192396.5,586320,28,778716.5,27.64443575,27.7223074,27.80017905,0.077871650000004
-192396.5,586301,28,778697.5,27.64376125,27.721631,27.79950075,0.077869750000001
-192396.5,586219,28,778615.5,27.64085025,27.7187118,27.79657335,0.077861550000002
-192396.5,586176,28,778572.5,27.63932375,27.717181,27.79503825,0.077857250000001
-192396.5,586258,28,778654.5,27.64223475,27.7201002,27.79796565,0.077865450000003
-192396.5,586160,28,778556.5,27.63875575,27.7166114,27.79446705,0.077855650000002
-192396.5,586083,28,778479.5,27.63602225,27.7138702,27.79171815,0.077847950000003
-192396.5,586281,28,778677.5,27.64305125,27.720919,27.79878675,0.077867750000001
-192396.5,586367,28,778763.5,27.64610425,27.7239806,27.80185695,0.077876350000002
-192396.5,586187,28,778583.5,27.63971425,27.7175726,27.79543095,0.077858350000003
-192396.5,586090,28,778486.5,27.63627075,27.7141194,27.79196805,0.077848650000002
-192396.5,586027,28,778423.5,27.63403425,27.7118766,27.78971895,0.077842350000001
-192396.5,586115,28,778511.5,27.63715825,27.7150094,27.79286055,0.077851150000001
-192396.5,586216,28,778612.5,27.64074375,27.718605,27.79646625,0.077861250000002
-192396.5,586038,28,778434.5,27.63442475,27.7122682,27.79011165,0.07784345
-192396.5,586137,28,778533.5,27.63793925,27.7157926,27.79364595,0.077853350000002
-192396.5,586230,28,778626.5,27.64124075,27.7191034,27.79696605,0.077862650000004
-192396.5,586083,28,778479.5,27.63602225,27.7138702,27.79171815,0.077847950000003
-192396.5,586004,28,778400.5,27.63321775,27.7110578,27.78889785,0.077840050000001
-192396.5,585900,28,778296.5,27.62952575,27.7073554,27.78518505,0.077829650000004
-192396.5,586249,28,778645.5,27.64191525,27.7197798,27.79764435,0.077864550000001
-192396.5,586183,28,778579.5,27.63957225,27.7174302,27.79528815,0.077857950000002
-192396.5,585990,28,778386.5,27.63272075,27.7105594,27.78839805,0.077838650000002
-192396.5,586008,28,778404.5,27.63335975,27.7112002,27.78904065,0.077840450000002
-192396.5,586078,28,778474.5,27.63584475,27.7136922,27.79153965,0.077847450000002
-192396.5,586039,28,778435.5,27.63446025,27.7123038,27.79014735,0.077843550000001
-192396.5,586062,28,778458.5,27.63527675,27.7131226,27.79096845,0.077845850000001
-192396.5,586123,28,778519.5,27.63744225,27.7152942,27.79314615,0.077851950000001
-192396.5,586202,28,778598.5,27.64024675,27.7181066,27.79596645,0.077859850000001
-192396.5,586131,28,778527.5,27.63772625,27.715579,27.79343175,0.077852750000002
-192396.5,586044,28,778440.5,27.63463775,27.7124818,27.79032585,0.077844050000003
-192396.5,585937,28,778333.5,27.63083925,27.7086726,27.78650595,0.077833350000002
-192396.5,586140,28,778536.5,27.63804575,27.7158994,27.79375305,0.077853650000003
-192396.5,586093,28,778489.5,27.63637725,27.7142262,27.79207515,0.07784895
-192396.5,586110,28,778506.5,27.63698075,27.7148314,27.79268205,0.077850650000002
-192396.5,585912,28,778308.5,27.62995175,27.7077826,27.78561345,0.077830850000003
-192396.5,585969,28,778365.5,27.63197525,27.7098118,27.78764835,0.077836550000003
-192396.5,586203,28,778599.5,27.64028225,27.7181422,27.79600215,0.077859950000001
-192396.5,586052,28,778448.5,27.63492175,27.7127666,27.79061145,0.077844850000002
-192396.5,586022,28,778418.5,27.63385675,27.7116986,27.78954045,0.077841850000002
-192396.5,586065,28,778461.5,27.63538325,27.7132294,27.79107555,0.077846150000003
-192396.5,586044,28,778440.5,27.63463775,27.7124818,27.79032585,0.077844050000003
-192396.5,585984,28,778380.5,27.63250775,27.7103458,27.78818385,0.077838050000002
-192396.5,586211,28,778607.5,27.64056625,27.718427,27.79628775,0.077860750000003
-192396.5,586172,28,778568.5,27.63918175,27.7170386,27.79489545,0.077856850000004
-192396.5,585995,28,778391.5,27.63289825,27.7107374,27.78857655,0.077839150000003
-192396.5,586004,28,778400.5,27.63321775,27.7110578,27.78889785,0.077840050000001
-192396.5,586032,28,778428.5,27.63421175,27.7120546,27.78989745,0.077842850000002
-192396.5,585956,28,778352.5,27.63151375,27.709349,27.78718425,0.077835250000002
-192396.5,586059,28,778455.5,27.63517025,27.7130158,27.79086135,0.077845550000003
-192396.5,628470,29.5,820866.5,29.14076075,29.2228474,29.30493405,0.082086650000003
-192396.5,628423,29.5,820819.5,29.13909225,29.2211742,29.30325615,0.082081950000003
-192396.5,628408,29.5,820804.5,29.13855975,29.2206402,29.30272065,0.082080450000005
-192396.5,628439,29.5,820835.5,29.13966025,29.2217438,29.30382735,0.082083550000002
-192396.5,628668,29.5,821064.5,29.14778975,29.2298962,29.31200265,0.082106450000001
-192396.5,628656,29.5,821052.5,29.14736375,29.229469,29.31157425,0.082105250000002
-192396.5,628478,29.5,820874.5,29.14104475,29.2231322,29.30521965,0.082087450000003
-192396.5,628478,29.5,820874.5,29.14104475,29.2231322,29.30521965,0.082087450000003
-192396.5,628444,29.5,820840.5,29.13983775,29.2219218,29.30400585,0.082084050000002
-192396.5,628414,29.5,820810.5,29.13877275,29.2208538,29.30293485,0.082081050000003
-192396.5,628476,29.5,820872.5,29.14097375,29.223061,29.30514825,0.082087250000001
-192396.5,628389,29.5,820785.5,29.13788525,29.2199638,29.30204235,0.082078550000002
-192396.5,628579,29.5,820975.5,29.14463025,29.2267278,29.30882535,0.082097550000002
-192396.5,628406,29.5,820802.5,29.13848875,29.220569,29.30264925,0.082080250000001
-192396.5,628453,29.5,820849.5,29.14015725,29.2222422,29.30432715,0.082084950000002
-192396.5,628434,29.5,820830.5,29.13948275,29.2215658,29.30364885,0.082083050000001
-192396.5,628357,29.5,820753.5,29.13674925,29.2188246,29.30089995,0.082075350000002
-192396.5,628416,29.5,820812.5,29.13884375,29.220925,29.30300625,0.082081250000004
-192396.5,628364,29.5,820760.5,29.13699775,29.2190738,29.30114985,0.082076050000001
-192396.5,628424,29.5,820820.5,29.13912775,29.2212098,29.30329185,0.08208205
-192396.5,628400,29.5,820796.5,29.13827575,29.2203554,29.30243505,0.082079650000003
-192396.5,628434,29.5,820830.5,29.13948275,29.2215658,29.30364885,0.082083050000001
-192396.5,628421,29.5,820817.5,29.13902125,29.221103,29.30318475,0.08208175
-192396.5,628357,29.5,820753.5,29.13674925,29.2188246,29.30089995,0.082075350000002
-192396.5,628329,29.5,820725.5,29.13575525,29.2178278,29.29990035,0.082072550000001
-192396.5,628385,29.5,820781.5,29.13774325,29.2198214,29.30189955,0.082078150000003
-192396.5,628214,29.5,820610.5,29.13167275,29.2137338,29.29579485,0.082061050000002
-192396.5,628367,29.5,820763.5,29.13710425,29.2191806,29.30125695,0.082076350000003
-192396.5,628395,29.5,820791.5,29.13809825,29.2201774,29.30225655,0.082079150000002
-192396.5,628427,29.5,820823.5,29.13923425,29.2213166,29.30339895,0.082082350000002
-192396.5,628385,29.5,820781.5,29.13774325,29.2198214,29.30189955,0.082078150000003
-192396.5,628324,29.5,820720.5,29.13557775,29.2176498,29.29972185,0.082072050000001
-192396.5,628423,29.5,820819.5,29.13909225,29.2211742,29.30325615,0.082081950000003
-192396.5,628305,29.5,820701.5,29.13490325,29.2169734,29.29904355,0.082070150000003
-192396.5,628439,29.5,820835.5,29.13966025,29.2217438,29.30382735,0.082083550000002
-192396.5,628343,29.5,820739.5,29.13625225,29.2183262,29.30040015,0.082073950000003
-192396.5,628191,29.5,820587.5,29.13085625,29.212915,29.29497375,0.082058750000002
-192396.5,628365,29.5,820761.5,29.13703325,29.2191094,29.30118555,0.082076150000003
-192396.5,628429,29.5,820825.5,29.13930525,29.2213878,29.30347035,0.082082550000001
-192396.5,628270,29.5,820666.5,29.13366075,29.2157274,29.29779405,0.082066650000003
-192396.5,628232,29.5,820628.5,29.13231175,29.2143746,29.29643745,0.082062850000002
-192396.5,628351,29.5,820747.5,29.13653625,29.218611,29.30068575,0.082074750000002
-192396.5,628388,29.5,820784.5,29.13784975,29.2199282,29.30200665,0.082078450000001
-192396.5,628352,29.5,820748.5,29.13657175,29.2186466,29.30072145,0.082074850000002
-192396.5,628400,29.5,820796.5,29.13827575,29.2203554,29.30243505,0.082079650000003
-192396.5,628268,29.5,820664.5,29.13358975,29.2156562,29.29772265,0.082066450000003
-192396.5,628434,29.5,820830.5,29.13948275,29.2215658,29.30364885,0.082083050000001
-192396.5,628271,29.5,820667.5,29.13369625,29.215763,29.29782975,0.082066750000001
-192396.5,628251,29.5,820647.5,29.13298625,29.215051,29.29711575,0.082064750000003
-192396.5,628355,29.5,820751.5,29.13667825,29.2187534,29.30082855,0.082075150000005
-192396.5,628326,29.5,820722.5,29.13564875,29.217721,29.29979325,0.08207225
-192396.5,628305,29.5,820701.5,29.13490325,29.2169734,29.29904355,0.082070150000003
-192396.5,628389,29.5,820785.5,29.13788525,29.2199638,29.30204235,0.082078550000002
-192396.5,628333,29.5,820729.5,29.13589725,29.2179702,29.30004315,0.082072950000004
-192396.5,628310,29.5,820706.5,29.13508075,29.2171514,29.29922205,0.082070650000002
-192396.5,628284,29.5,820680.5,29.13415775,29.2162258,29.29829385,0.082068050000002
-192396.5,628419,29.5,820815.5,29.13895025,29.2210318,29.30311335,0.082081550000002
-192396.5,628324,29.5,820720.5,29.13557775,29.2176498,29.29972185,0.082072050000001
-192396.5,628191,29.5,820587.5,29.13085625,29.212915,29.29497375,0.082058750000002
-192396.5,628209,29.5,820605.5,29.13149525,29.2135558,29.29561635,0.082060550000001
-192396.5,628366,29.5,820762.5,29.13706875,29.219145,29.30122125,0.082076250000002
-192396.5,628319,29.5,820715.5,29.13540025,29.2174718,29.29954335,0.082071550000002
-192396.5,628329,29.5,820725.5,29.13575525,29.2178278,29.29990035,0.082072550000001
-192396.5,628301,29.5,820697.5,29.13476125,29.216831,29.29890075,0.082069750000001
-192396.5,628153,29.5,820549.5,29.12950725,29.2115622,29.29361715,0.082054950000003
-192396.5,628414,29.5,820810.5,29.13877275,29.2208538,29.30293485,0.082081050000003
-192396.5,628413,29.5,820809.5,29.13873725,29.2208182,29.30289915,0.082080950000004
-192396.5,628222,29.5,820618.5,29.13195675,29.2140186,29.29608045,0.082061850000004
-192396.5,628260,29.5,820656.5,29.13330575,29.2153714,29.29743705,0.082065650000001
-192396.5,628273,29.5,820669.5,29.13376725,29.2158342,29.29790115,0.082066950000003
-192396.5,628399,29.5,820795.5,29.13824025,29.2203198,29.30239935,0.082079550000001
-192396.5,628352,29.5,820748.5,29.13657175,29.2186466,29.30072145,0.082074850000002
-192396.5,628409,29.5,820805.5,29.13859525,29.2206758,29.30275635,0.082080550000002
-192396.5,628394,29.5,820790.5,29.13806275,29.2201418,29.30222085,0.082079050000003
-192396.5,628286,29.5,820682.5,29.13422875,29.216297,29.29836525,0.082068250000003
-192396.5,628334,29.5,820730.5,29.13593275,29.2180058,29.30007885,0.082073050000002
-192396.5,628376,29.5,820772.5,29.13742375,29.219501,29.30157825,0.082077250000001
-192396.5,628350,29.5,820746.5,29.13650075,29.2185754,29.30065005,0.082074650000005
-192396.5,628349,29.5,820745.5,29.13646525,29.2185398,29.30061435,0.08207455
-192396.5,628282,29.5,820678.5,29.13408675,29.2161546,29.29822245,0.082067850000001
-192396.5,628450,29.5,820846.5,29.14005075,29.2221354,29.30422005,0.082084650000004
-192396.5,628345,29.5,820741.5,29.13632325,29.2183974,29.30047155,0.082074150000002
-192396.5,628390,29.5,820786.5,29.13792075,29.2199994,29.30207805,0.082078650000003
-192396.5,628475,29.5,820871.5,29.14093825,29.2230254,29.30511255,0.082087150000003
-192396.5,628293,29.5,820689.5,29.13447725,29.2165462,29.29861515,0.082068950000002
-192396.5,628233,29.5,820629.5,29.13234725,29.2144102,29.29647315,0.082062950000005
-192396.5,628099,29.5,820495.5,29.12759025,29.2096398,29.29168935,0.082049550000001
-192396.5,628279,29.5,820675.5,29.13398025,29.2160478,29.29811535,0.08206755
-192396.5,628110,29.5,820506.5,29.12798075,29.2100314,29.29208205,0.082050650000001
-192396.5,628361,29.5,820757.5,29.13689125,29.218967,29.30104275,0.082075750000001
-192396.5,628362,29.5,820758.5,29.13692675,29.2190026,29.30107845,0.082075850000003
-192396.5,628298,29.5,820694.5,29.13465475,29.2167242,29.29879365,0.082069450000004
-192396.5,628239,29.5,820635.5,29.13256025,29.2146238,29.29668735,0.082063550000003
-192396.5,628124,29.5,820520.5,29.12847775,29.2105298,29.29258185,0.082052050000002
-192396.5,628399,29.5,820795.5,29.13824025,29.2203198,29.30239935,0.082079550000001
-192396.5,628387,29.5,820783.5,29.13781425,29.2198926,29.30197095,0.082078350000002
-192396.5,628161,29.5,820557.5,29.12979125,29.211847,29.29390275,0.082055750000002
-192396.5,628233,29.5,820629.5,29.13234725,29.2144102,29.29647315,0.082062950000005
-192396.5,628342,29.5,820738.5,29.13621675,29.2182906,29.30036445,0.082073850000002
-192396.5,628333,29.5,820729.5,29.13589725,29.2179702,29.30004315,0.082072950000004
-192396.5,729542,33.1,921938.5,32.72881675,32.8210106,32.91320445,0.092193850000001
-192396.5,729571,33.1,921967.5,32.72984625,32.822043,32.91423975,0.092196749999999
-192396.5,729426,33.1,921822.5,32.72469875,32.816881,32.90906325,0.092182250000001
-192396.5,729488,33.1,921884.5,32.72689975,32.8190882,32.91127665,0.092188450000002
-192396.5,729549,33.1,921945.5,32.72906525,32.8212598,32.91345435,0.092194550000002
-192396.5,729642,33.1,922038.5,32.73236675,32.8245706,32.91677445,0.092203850000004
-192396.5,729524,33.1,921920.5,32.72817775,32.8203698,32.91256185,0.092192050000001
-192396.5,729591,33.1,921987.5,32.73055625,32.822755,32.91495375,0.092198750000002
-192396.5,729393,33.1,921789.5,32.72352725,32.8157062,32.90788515,0.092178950000001
-192396.5,729752,33.1,922148.5,32.73627175,32.8284866,32.92070145,0.092214850000001
-192396.5,729443,33.1,921839.5,32.72530225,32.8174862,32.90967015,0.092183950000003
-192396.5,729501,33.1,921897.5,32.72736125,32.819551,32.91174075,0.092189749999999
-192396.5,729507,33.1,921903.5,32.72757425,32.8197646,32.91195495,0.092190350000003
-192396.5,729491,33.1,921887.5,32.72700625,32.819195,32.91138375,0.092188750000002
-192396.5,729647,33.1,922043.5,32.73254425,32.8247486,32.91695295,0.092204350000003
-192396.5,729457,33.1,921853.5,32.72579925,32.8179846,32.91016995,0.092185350000001
-192396.5,729500,33.1,921896.5,32.72732575,32.8195154,32.91170505,0.092189650000002
-192396.5,729492,33.1,921888.5,32.72704175,32.8192306,32.91141945,0.092188850000003
-192396.5,729276,33.1,921672.5,32.71937375,32.811541,32.90370825,0.092167249999999
-192396.5,729436,33.1,921832.5,32.72505375,32.817237,32.90942025,0.092183250000002
-192396.5,729534,33.1,921930.5,32.72853275,32.8207258,32.91291885,0.092193050000002
-192396.5,729346,33.1,921742.5,32.72185875,32.814033,32.90620725,0.092174249999999
-192396.5,729393,33.1,921789.5,32.72352725,32.8157062,32.90788515,0.092178950000001
-192396.5,729372,33.1,921768.5,32.72278175,32.8149586,32.90713545,0.092176850000005
-192396.5,729442,33.1,921838.5,32.72526675,32.8174506,32.90963445,0.092183850000005
-192396.5,729287,33.1,921683.5,32.71976425,32.8119326,32.90410095,0.092168350000002
-192396.5,729279,33.1,921675.5,32.71948025,32.8116478,32.90381535,0.092167550000003
-192396.5,729446,33.1,921842.5,32.72540875,32.817593,32.90977725,0.092184249999999
-192396.5,729281,33.1,921677.5,32.71955125,32.811719,32.90388675,0.092167750000002
-192396.5,729292,33.1,921688.5,32.71994175,32.8121106,32.90427945,0.092168850000004
-192396.5,729317,33.1,921713.5,32.72082925,32.8130006,32.90517195,0.092171350000001
-192396.5,729476,33.1,921872.5,32.72647375,32.818661,32.91084825,0.092187250000002
-192396.5,729189,33.1,921585.5,32.71628525,32.8084438,32.90060235,0.092158550000004
-192396.5,729331,33.1,921727.5,32.72132625,32.813499,32.90567175,0.092172750000003
-192396.5,729256,33.1,921652.5,32.71866375,32.810829,32.90299425,0.092165250000004
-192396.5,729242,33.1,921638.5,32.71816675,32.8103306,32.90249445,0.092163850000006
-192396.5,729403,33.1,921799.5,32.72388225,32.8160622,32.90824215,0.092179950000006
-192396.5,729451,33.1,921847.5,32.72558625,32.817771,32.90995575,0.092184750000001
-192396.5,729351,33.1,921747.5,32.72203625,32.814211,32.90638575,0.092174749999998
-192396.5,729220,33.1,921616.5,32.71738575,32.8095474,32.90170905,0.092161650000001
-192396.5,729323,33.1,921719.5,32.72104225,32.8132142,32.90538615,0.092171950000005
-192396.5,729324,33.1,921720.5,32.72107775,32.8132498,32.90542185,0.092172050000002
-192396.5,729296,33.1,921692.5,32.72008375,32.812253,32.90442225,0.092169250000001
-192396.5,729247,33.1,921643.5,32.71834425,32.8105086,32.90267295,0.092164350000001
-192396.5,729261,33.1,921657.5,32.71884125,32.811007,32.90317275,0.092165750000003
-192396.5,729187,33.1,921583.5,32.71621425,32.8083726,32.90053095,0.092158350000002
-192396.5,729217,33.1,921613.5,32.71727925,32.8094406,32.90160195,0.092161350000001
-192396.5,729229,33.1,921625.5,32.71770525,32.8098678,32.90203035,0.092162550000001
-192396.5,729112,33.1,921508.5,32.71355175,32.8057026,32.89785345,0.09215085
-192396.5,729268,33.1,921664.5,32.71908975,32.8112562,32.90342265,0.092166450000004
-192396.5,729024,33.1,921420.5,32.71042775,32.8025698,32.89471185,0.09214205
-192396.5,729217,33.1,921613.5,32.71727925,32.8094406,32.90160195,0.092161350000001
-192396.5,729323,33.1,921719.5,32.72104225,32.8132142,32.90538615,0.092171950000005
-192396.5,729256,33.1,921652.5,32.71866375,32.810829,32.90299425,0.092165250000004
-192396.5,729377,33.1,921773.5,32.72295925,32.8151366,32.90731395,0.092177350000004
-192396.5,729169,33.1,921565.5,32.71557525,32.8077318,32.89988835,0.092156550000002
-192396.5,729262,33.1,921658.5,32.71887675,32.8110426,32.90320845,0.092165850000001
-192396.5,729213,33.1,921609.5,32.71713725,32.8092982,32.90145915,0.092160950000004
-192396.5,729265,33.1,921661.5,32.71898325,32.8111494,32.90331555,0.092166150000004
-192396.5,729138,33.1,921534.5,32.71447475,32.8066282,32.89878165,0.092153450000005
-192396.5,729115,33.1,921511.5,32.71365825,32.8058094,32.89796055,0.092151150000003
-192396.5,729191,33.1,921587.5,32.71635625,32.808515,32.90067375,0.092158750000003
-192396.5,729177,33.1,921573.5,32.71585925,32.8080166,32.90017395,0.092157350000001
-192396.5,729219,33.1,921615.5,32.71735025,32.8095118,32.90167335,0.092161550000004
-192396.5,729174,33.1,921570.5,32.71575275,32.8079098,32.90006685,0.092157050000001
-192396.5,729223,33.1,921619.5,32.71749225,32.8096542,32.90181615,0.092161950000001
-192396.5,729140,33.1,921536.5,32.71454575,32.8066994,32.89885305,0.09215365
-192396.5,729302,33.1,921698.5,32.72029675,32.8124666,32.90463645,0.092169850000005
-192396.5,729098,33.1,921494.5,32.71305475,32.8052042,32.89735365,0.092149450000001
-192396.5,729048,33.1,921444.5,32.71127975,32.8034242,32.89556865,0.092144450000003
-192396.5,729167,33.1,921563.5,32.71550425,32.8076606,32.89981695,0.092156350000003
-192396.5,729223,33.1,921619.5,32.71749225,32.8096542,32.90181615,0.092161950000001
-192396.5,729160,33.1,921556.5,32.71525575,32.8074114,32.89956705,0.092155650000002
-192396.5,729066,33.1,921462.5,32.71191875,32.804065,32.89621125,0.092146250000003
-192396.5,729083,33.1,921479.5,32.71252225,32.8046702,32.89681815,0.092147950000001
-192396.5,729220,33.1,921616.5,32.71738575,32.8095474,32.90170905,0.092161650000001
-192396.5,728697,33.1,921093.5,32.69881925,32.7909286,32.88303795,0.092109350000001
-192396.5,728859,33.1,921255.5,32.70457025,32.7966958,32.88882135,0.092125550000002
-192396.5,728922,33.1,921318.5,32.70680675,32.7989386,32.89107045,0.092131850000001
-192396.5,728953,33.1,921349.5,32.70790725,32.8000422,32.89217715,0.092134950000002
-192396.5,728952,33.1,921348.5,32.70787175,32.8000066,32.89214145,0.092134850000004
-192396.5,729070,33.1,921466.5,32.71206075,32.8042074,32.89635405,0.09214665
-192396.5,729002,33.1,921398.5,32.70964675,32.8017866,32.89392645,0.092139850000002
-192396.5,728941,33.1,921337.5,32.70748125,32.799615,32.89174875,0.092133750000002
-192396.5,729040,33.1,921436.5,32.71099575,32.8031394,32.89528305,0.092143650000004
-192396.5,728982,33.1,921378.5,32.70893675,32.8010746,32.89321245,0.09213785
-192396.5,729051,33.1,921447.5,32.71138625,32.803531,32.89567575,0.092144750000003
-192396.5,728956,33.1,921352.5,32.70801375,32.800149,32.89228425,0.092135250000002
-192396.5,729083,33.1,921479.5,32.71252225,32.8046702,32.89681815,0.092147950000001
-192396.5,729147,33.1,921543.5,32.71479425,32.8069486,32.89910295,0.092154350000005
-192396.5,729163,33.1,921559.5,32.71536225,32.8075182,32.89967415,0.092155950000002
-192396.5,729018,33.1,921414.5,32.71021475,32.8023562,32.89449765,0.09214145
-192396.5,729002,33.1,921398.5,32.70964675,32.8017866,32.89392645,0.092139850000002
-192396.5,728982,33.1,921378.5,32.70893675,32.8010746,32.89321245,0.09213785
-192396.5,729251,33.1,921647.5,32.71848625,32.810651,32.90281575,0.092164750000002
-192396.5,729047,33.1,921443.5,32.71124425,32.8033886,32.89553295,0.092144350000002
-192396.5,729066,33.1,921462.5,32.71191875,32.804065,32.89621125,0.092146250000003
-192396.5,728997,33.1,921393.5,32.70946925,32.8016086,32.89374795,0.092139350000004
-192396.5,728971,33.1,921367.5,32.70854625,32.800683,32.89281975,0.092136750000002
-192396.5,729049,33.1,921445.5,32.71131525,32.8034598,32.89560435,0.092144550000001
-192396.5,778240,34.8,970636.5,34.45759575,34.5546594,34.65172305,0.097063650000003
-192396.5,778132,34.8,970528.5,34.45376175,34.5508146,34.64786745,0.097052850000001
-192396.5,778129,34.8,970525.5,34.45365525,34.5507078,34.64776035,0.097052550000001
-192396.5,778151,34.8,970547.5,34.45443625,34.551491,34.64854575,0.097054750000002
-192396.5,778152,34.8,970548.5,34.45447175,34.5515266,34.64858145,0.097054850000003
-192396.5,778254,34.8,970650.5,34.45809275,34.5551578,34.65222285,0.097065050000001
-192396.5,778154,34.8,970550.5,34.45454275,34.5515978,34.64865285,0.097055050000002
-192396.5,778048,34.8,970444.5,34.45077975,34.5478242,34.64486865,0.097044450000002
-192396.5,778189,34.8,970585.5,34.45578525,34.5528438,34.64990235,0.097058550000003
-192396.5,778227,34.8,970623.5,34.45713425,34.5541966,34.65125895,0.097062350000005
-192396.5,778198,34.8,970594.5,34.45610475,34.5531642,34.65022365,0.097059450000003
-192396.5,778048,34.8,970444.5,34.45077975,34.5478242,34.64486865,0.097044450000002
-192396.5,778272,34.8,970668.5,34.45873175,34.5557986,34.65286545,0.097066850000005
-192396.5,778213,34.8,970609.5,34.45663725,34.5536982,34.65075915,0.097060950000007
-192396.5,778265,34.8,970661.5,34.45848325,34.5555494,34.65261555,0.09706615
-192396.5,777899,34.8,970295.5,34.44549025,34.5425198,34.63954935,0.097029550000002
-192396.5,777901,34.8,970297.5,34.44556125,34.542591,34.63962075,0.097029750000001
-192396.5,778095,34.8,970491.5,34.45244825,34.5494974,34.64654655,0.097049150000004
-192396.5,778164,34.8,970560.5,34.45489775,34.5519538,34.64900985,0.097056050000003
-192396.5,778271,34.8,970667.5,34.45869625,34.555763,34.65282975,0.09706675
-192396.5,778170,34.8,970566.5,34.45511075,34.5521674,34.64922405,0.097056650000003
-192396.5,778141,34.8,970537.5,34.45408125,34.551135,34.64818875,0.097053750000001
-192396.5,778027,34.8,970423.5,34.45003425,34.5470766,34.64411895,0.097042350000002
-192396.5,777911,34.8,970307.5,34.44591625,34.542947,34.63997775,0.097030750000002
-192396.5,778036,34.8,970432.5,34.45035375,34.547397,34.64444025,0.097043250000002
-192396.5,777968,34.8,970364.5,34.44793975,34.5449762,34.64201265,0.097036450000001
-192396.5,777954,34.8,970350.5,34.44744275,34.5444778,34.64151285,0.097035049999999
-192396.5,778089,34.8,970485.5,34.45223525,34.5492838,34.64633235,0.09704855
-192396.5,778155,34.8,970551.5,34.45457825,34.5516334,34.64868855,0.097055150000003
-192396.5,778228,34.8,970624.5,34.45716975,34.5542322,34.65129465,0.097062450000003
-192396.5,778145,34.8,970541.5,34.45422325,34.5512774,34.64833155,0.097054150000002
-192396.5,778077,34.8,970473.5,34.45180925,34.5488566,34.64590395,0.097047350000004
-192396.5,778041,34.8,970437.5,34.45053125,34.547575,34.64461875,0.097043750000005
-192396.5,778193,34.8,970589.5,34.45592725,34.5529862,34.65004515,0.097058950000005
-192396.5,778021,34.8,970417.5,34.44982125,34.546863,34.64390475,0.097041750000003
-192396.5,778017,34.8,970413.5,34.44967925,34.5467206,34.64376195,0.097041350000005
-192396.5,777801,34.8,970197.5,34.44201125,34.539031,34.63605075,0.097019750000001
-192396.5,777836,34.8,970232.5,34.44325375,34.540277,34.63730025,0.097023250000003
-192396.5,778004,34.8,970400.5,34.44921775,34.5462578,34.64329785,0.09704005
-192396.5,777913,34.8,970309.5,34.44598725,34.5430182,34.64004915,0.097030950000004
-192396.5,778019,34.8,970415.5,34.44975025,34.5467918,34.64383335,0.09704155
-192396.5,777926,34.8,970322.5,34.44644875,34.543481,34.64051325,0.097032250000002
-192396.5,777708,34.8,970104.5,34.43870975,34.5357202,34.63273065,0.097010450000006
-192396.5,777925,34.8,970321.5,34.44641325,34.5434454,34.64047755,0.097032150000004
-192396.5,777969,34.8,970365.5,34.44797525,34.5450118,34.64204835,0.097036550000002
-192396.5,777983,34.8,970379.5,34.44847225,34.5455102,34.64254815,0.097037950000004
-192396.5,777866,34.8,970262.5,34.44431875,34.541345,34.63837125,0.097026250000003
-192396.5,777931,34.8,970327.5,34.44662625,34.543659,34.64069175,0.09703275
-192396.5,777693,34.8,970089.5,34.43817725,34.5351862,34.63219515,0.097008950000003
-192396.5,777793,34.8,970189.5,34.44172725,34.5387462,34.63576515,0.097018950000003
-192396.5,778047,34.8,970443.5,34.45074425,34.5477886,34.64483295,0.097044350000001
-192396.5,778094,34.8,970490.5,34.45241275,34.5494618,34.64651085,0.097049050000003
-192396.5,778138,34.8,970534.5,34.45397475,34.5510282,34.64808165,0.097053450000004
-192396.5,778014,34.8,970410.5,34.44957275,34.5466138,34.64365485,0.097041050000001
-192396.5,777828,34.8,970224.5,34.44296975,34.5399922,34.63701465,0.097022450000004
-192396.5,777766,34.8,970162.5,34.44076875,34.537785,34.63480125,0.097016250000003
-192396.5,777916,34.8,970312.5,34.44609375,34.543125,34.64015625,0.097031250000001
-192396.5,777827,34.8,970223.5,34.44293425,34.5399566,34.63697895,0.097022350000003
-192396.5,778009,34.8,970405.5,34.44939525,34.5464358,34.64347635,0.097040549999999
-192396.5,777872,34.8,970268.5,34.44453175,34.5415586,34.63858545,0.097026850000003
-192396.5,777892,34.8,970288.5,34.44524175,34.5422706,34.63929945,0.097028850000001
-192396.5,777885,34.8,970281.5,34.44499325,34.5420214,34.63904955,0.097028150000004
-192396.5,777779,34.8,970175.5,34.44123025,34.5382478,34.63526535,0.097017550000004
-192396.5,777863,34.8,970259.5,34.44421225,34.5412382,34.63826415,0.097025950000003
-192396.5,777934,34.8,970330.5,34.44673275,34.5437658,34.64079885,0.09703305
-192396.5,777819,34.8,970215.5,34.44265025,34.5396718,34.63669335,0.097021550000001
-192396.5,777753,34.8,970149.5,34.44030725,34.5373222,34.63433715,0.097014950000002
-192396.5,777797,34.8,970193.5,34.44186925,34.5388886,34.63590795,0.097019350000004
-192396.5,777798,34.8,970194.5,34.44190475,34.5389242,34.63594365,0.097019450000001
-192396.5,777968,34.8,970364.5,34.44793975,34.5449762,34.64201265,0.097036450000001
-192396.5,777963,34.8,970359.5,34.44776225,34.5447982,34.64183415,0.097035950000006
-192396.5,777929,34.8,970325.5,34.44655525,34.5435878,34.64062035,0.097032550000002
-192396.5,777908,34.8,970304.5,34.44580975,34.5428402,34.63987065,0.097030450000006
-192396.5,777705,34.8,970101.5,34.43860325,34.5356134,34.63262355,0.097010150000003
-192396.5,777692,34.8,970088.5,34.43814175,34.5351506,34.63215945,0.097008850000002
-192396.5,777721,34.8,970117.5,34.43917125,34.536183,34.63319475,0.09701175
-192396.5,777632,34.8,970028.5,34.43601175,34.5330146,34.63001745,0.097002850000003
-192396.5,777615,34.8,970011.5,34.43540825,34.5324094,34.62941055,0.097001150000004
-192396.5,777878,34.8,970274.5,34.44474475,34.5417722,34.63879965,0.097027450000002
-192396.5,777752,34.8,970148.5,34.44027175,34.5372866,34.63430145,0.097014850000001
-192396.5,777674,34.8,970070.5,34.43750275,34.5345098,34.63151685,0.097007049999999
-192396.5,777614,34.8,970010.5,34.43537275,34.5323738,34.62937485,0.097001050000003
-192396.5,777884,34.8,970280.5,34.44495775,34.5419858,34.63901385,0.097028050000002
-192396.5,777839,34.8,970235.5,34.44336025,34.5403838,34.63740735,0.097023550000003
-192396.5,777724,34.8,970120.5,34.43927775,34.5362898,34.63330185,0.09701205
-192396.5,777580,34.8,969976.5,34.43416575,34.5311634,34.62816105,0.096997650000002
-192396.5,777670,34.8,970066.5,34.43736075,34.5343674,34.63137405,0.097006650000005
-192396.5,777676,34.8,970072.5,34.43757375,34.534581,34.63158825,0.097007250000001
-192396.5,777616,34.8,970012.5,34.43544375,34.532445,34.62944625,0.097001250000005
-192396.5,777754,34.8,970150.5,34.44034275,34.5373578,34.63437285,0.09701505
-192396.5,777642,34.8,970038.5,34.43636675,34.5333706,34.63037445,0.097003850000004
-192396.5,777620,34.8,970016.5,34.43558575,34.5325874,34.62958905,0.097001650000003
-192396.5,777749,34.8,970145.5,34.44016525,34.5371798,34.63419435,0.097014550000001
-192396.5,777657,34.8,970053.5,34.43689925,34.5339046,34.63090995,0.097005350000004
-192396.5,777688,34.8,970084.5,34.43799975,34.5350082,34.63201665,0.097008450000004
-192396.5,777662,34.8,970058.5,34.43707675,34.5340826,34.63108845,0.097005850000002
-192396.5,777619,34.8,970015.5,34.43555025,34.5325518,34.62955335,0.097001550000002
-192396.5,777690,34.8,970086.5,34.43807075,34.5350794,34.63208805,0.097008650000003
-192396.5,777711,34.8,970107.5,34.43881625,34.535827,34.63283775,0.097010749999999
-192396.5,777475,34.8,969871.5,34.43043825,34.5274254,34.62441255,0.096987150000004
-192396.5,808865,35.9,1001261.5,35.54478325,35.6449094,35.74503555,0.100126150000005
-192396.5,808943,35.9,1001339.5,35.54755225,35.6476862,35.74782015,0.100133950000004
-192396.5,808796,35.9,1001192.5,35.54233375,35.642453,35.74257225,0.100119250000002
-192396.5,808672,35.9,1001068.5,35.53793175,35.6380386,35.73814545,0.100106850000003
-192396.5,808704,35.9,1001100.5,35.53906775,35.6391778,35.73928785,0.100110050000001
-192396.5,808680,35.9,1001076.5,35.53821575,35.6383234,35.73843105,0.100107650000002
-192396.5,808730,35.9,1001126.5,35.53999075,35.6401034,35.74021605,0.100112650000007
-192396.5,808701,35.9,1001097.5,35.53896125,35.639071,35.73918075,0.100109750000001
-192396.5,808603,35.9,1000999.5,35.53548225,35.6355822,35.73568215,0.100099950000004
-192396.5,808632,35.9,1001028.5,35.53651175,35.6366146,35.73671745,0.100102850000003
-192396.5,808878,35.9,1001274.5,35.54524475,35.6453722,35.74549965,0.100127450000006
-192396.5,808947,35.9,1001343.5,35.54769425,35.6478286,35.74796295,0.100134350000001
-192396.5,808664,35.9,1001060.5,35.53764775,35.6377538,35.73785985,0.100106050000004
-192396.5,808489,35.9,1000885.5,35.53143525,35.6315238,35.73161235,0.100088550000002
-192396.5,808703,35.9,1001099.5,35.53903225,35.6391422,35.73925215,0.100109950000004
-192396.5,808700,35.9,1001096.5,35.53892575,35.6390354,35.73914505,0.100109650000004
-192396.5,808708,35.9,1001104.5,35.53920975,35.6393202,35.73943065,0.100110450000003
-192396.5,808727,35.9,1001123.5,35.53988425,35.6399966,35.74010895,0.100112350000003
-192396.5,808729,35.9,1001125.5,35.53995525,35.6400678,35.74018035,0.100112550000002
-192396.5,808803,35.9,1001199.5,35.54258225,35.6427022,35.74282215,0.100119950000003
-192396.5,808594,35.9,1000990.5,35.53516275,35.6352618,35.73536085,0.100099050000004
-192396.5,808760,35.9,1001156.5,35.54105575,35.6411714,35.74128705,0.100115650000003
-192396.5,808622,35.9,1001018.5,35.53615675,35.6362586,35.73636045,0.100101850000005
-192396.5,808564,35.9,1000960.5,35.53409775,35.6341938,35.73428985,0.100096050000001
-192396.5,808650,35.9,1001046.5,35.53715075,35.6372554,35.73736005,0.100104650000006
-192396.5,808695,35.9,1001091.5,35.53874825,35.6388574,35.73896655,0.100109150000002
-192396.5,808590,35.9,1000986.5,35.53502075,35.6351194,35.73521805,0.100098650000003
-192396.5,808684,35.9,1001080.5,35.53835775,35.6384658,35.73857385,0.100108050000003
-192396.5,808707,35.9,1001103.5,35.53917425,35.6392846,35.73939495,0.100110350000001
-192396.5,808595,35.9,1000991.5,35.53519825,35.6352974,35.73539655,0.100099150000002
-192396.5,808554,35.9,1000950.5,35.53374275,35.6338378,35.73393285,0.10009505
-192396.5,808704,35.9,1001100.5,35.53906775,35.6391778,35.73928785,0.100110050000001
-192396.5,808662,35.9,1001058.5,35.53757675,35.6376826,35.73778845,0.100105850000002
-192396.5,808546,35.9,1000942.5,35.53345875,35.633553,35.73364725,0.100094250000002
-192396.5,808618,35.9,1001014.5,35.53601475,35.6361162,35.73621765,0.10010145
-192396.5,808690,35.9,1001086.5,35.53857075,35.6386794,35.73878805,0.100108650000003
-192396.5,808614,35.9,1001010.5,35.53587275,35.6359738,35.73607485,0.100101050000003
-192396.5,808564,35.9,1000960.5,35.53409775,35.6341938,35.73428985,0.100096050000001
-192396.5,808643,35.9,1001039.5,35.53690225,35.6370062,35.73711015,0.100103950000001
-192396.5,808487,35.9,1000883.5,35.53136425,35.6314526,35.73154095,0.100088350000004
-192396.5,808505,35.9,1000901.5,35.53200325,35.6320934,35.73218355,0.100090150000003
-192396.5,808582,35.9,1000978.5,35.53473675,35.6348346,35.73493245,0.100097850000001
-192396.5,808506,35.9,1000902.5,35.53203875,35.632129,35.73221925,0.100090250000001
-192396.5,808513,35.9,1000909.5,35.53228725,35.6323782,35.73246915,0.100090950000006
-192396.5,808574,35.9,1000970.5,35.53445275,35.6345498,35.73464685,0.100097049999999
-192396.5,808504,35.9,1000900.5,35.53196775,35.6320578,35.73214785,0.100090050000002
-192396.5,808617,35.9,1001013.5,35.53597925,35.6360806,35.73618195,0.100101350000003
-192396.5,808589,35.9,1000985.5,35.53498525,35.6350838,35.73518235,0.100098550000002
-192396.5,808415,35.9,1000811.5,35.52880825,35.6288894,35.72897055,0.100081150000001
-192396.5,808357,35.9,1000753.5,35.52674925,35.6268246,35.72689995,0.100075350000004
-192396.5,808524,35.9,1000920.5,35.53267775,35.6327698,35.73286185,0.100092050000001
-192396.5,808663,35.9,1001059.5,35.53761225,35.6377182,35.73782415,0.100105950000003
-192396.5,808519,35.9,1000915.5,35.53250025,35.6325918,35.73268335,0.100091550000002
-192396.5,808546,35.9,1000942.5,35.53345875,35.633553,35.73364725,0.100094250000002
-192396.5,808558,35.9,1000954.5,35.53388475,35.6339802,35.73407565,0.100095450000001
-192396.5,808503,35.9,1000899.5,35.53193225,35.6320222,35.73211215,0.100089950000005
-192396.5,808455,35.9,1000851.5,35.53022825,35.6303134,35.73039855,0.100085150000002
-192396.5,808527,35.9,1000923.5,35.53278425,35.6328766,35.73296895,0.100092350000004
-192396.5,808367,35.9,1000763.5,35.52710425,35.6271806,35.72725695,0.100076350000002
-192396.5,808457,35.9,1000853.5,35.53029925,35.6303846,35.73046995,0.100085350000001
-192396.5,808433,35.9,1000829.5,35.52944725,35.6295302,35.72961315,0.100082950000004
-192396.5,808515,35.9,1000911.5,35.53235825,35.6324494,35.73254055,0.100091150000004
-192396.5,808517,35.9,1000913.5,35.53242925,35.6325206,35.73261195,0.100091350000003
-192396.5,808504,35.9,1000900.5,35.53196775,35.6320578,35.73214785,0.100090050000002
-192396.5,808478,35.9,1000874.5,35.53104475,35.6311322,35.73121965,0.10008745
-192396.5,808476,35.9,1000872.5,35.53097375,35.631061,35.73114825,0.100087250000001
-192396.5,808578,35.9,1000974.5,35.53459475,35.6346922,35.73478965,0.100097450000003
-192396.5,808420,35.9,1000816.5,35.52898575,35.6290674,35.72914905,0.100081650000003
-192396.5,808429,35.9,1000825.5,35.52930525,35.6293878,35.72947035,0.10008255
-192396.5,808388,35.9,1000784.5,35.52784975,35.6279282,35.72800665,0.100078450000005
-192396.5,808437,35.9,1000833.5,35.52958925,35.6296726,35.72975595,0.100083350000002
-192396.5,808519,35.9,1000915.5,35.53250025,35.6325918,35.73268335,0.100091550000002
-192396.5,808315,35.9,1000711.5,35.52525825,35.6253294,35.72540055,0.100071150000002
-192396.5,808509,35.9,1000905.5,35.53214525,35.6322358,35.73232635,0.100090550000001
-192396.5,808464,35.9,1000860.5,35.53054775,35.6306338,35.73071985,0.100086050000002
-192396.5,808519,35.9,1000915.5,35.53250025,35.6325918,35.73268335,0.100091550000002
-192396.5,808539,35.9,1000935.5,35.53321025,35.6333038,35.73339735,0.100093550000004
-192396.5,808572,35.9,1000968.5,35.53438175,35.6344786,35.73457545,0.10009685
-192396.5,808473,35.9,1000869.5,35.53086725,35.6309542,35.73104115,0.100086950000005
-192396.5,808513,35.9,1000909.5,35.53228725,35.6323782,35.73246915,0.100090950000006
-192396.5,808339,35.9,1000735.5,35.52611025,35.6261838,35.72625735,0.100073550000001
-192396.5,808382,35.9,1000778.5,35.52763675,35.6277146,35.72779245,0.100077850000002
-192396.5,808524,35.9,1000920.5,35.53267775,35.6327698,35.73286185,0.100092050000001
-192396.5,808443,35.9,1000839.5,35.52980225,35.6298862,35.72997015,0.100083950000002
-192396.5,808545,35.9,1000941.5,35.53342325,35.6335174,35.73361155,0.10009415
-192396.5,808525,35.9,1000921.5,35.53271325,35.6328054,35.73289755,0.100092150000002
-192396.5,808636,35.9,1001032.5,35.53665375,35.636757,35.73686025,0.100103250000004
-192396.5,808460,35.9,1000856.5,35.53040575,35.6304914,35.73057705,0.10008565
-192396.5,808477,35.9,1000873.5,35.53100925,35.6310966,35.73118395,0.100087350000003
-192396.5,808367,35.9,1000763.5,35.52710425,35.6271806,35.72725695,0.100076350000002
-192396.5,808349,35.9,1000745.5,35.52646525,35.6265398,35.72661435,0.100074549999999
-192396.5,808341,35.9,1000737.5,35.52618125,35.626255,35.72632875,0.100073750000004
-192396.5,808426,35.9,1000822.5,35.52919875,35.629281,35.72936325,0.10008225
-192396.5,808400,35.9,1000796.5,35.52827575,35.6283554,35.72843505,0.100079650000001
-192396.5,808477,35.9,1000873.5,35.53100925,35.6310966,35.73118395,0.100087350000003
-192396.5,808580,35.9,1000976.5,35.53466575,35.6347634,35.73486105,0.100097650000006
-192396.5,808389,35.9,1000785.5,35.52788525,35.6279638,35.72804235,0.100078550000003
-192396.5,808212,35.9,1000608.5,35.52160175,35.6216626,35.72172345,0.100060850000002
-192396.5,808377,35.9,1000773.5,35.52745925,35.6275366,35.72761395,0.100077350000003
-192396.5,808389,35.9,1000785.5,35.52788525,35.6279638,35.72804235,0.100078550000003
-192396.5,839809,37,1032205.5,36.64329525,36.7465158,36.84973635,0.10322055
-192396.5,839823,37,1032219.5,36.64379225,36.7470142,36.85023615,0.103221950000002
-192396.5,839803,37,1032199.5,36.64308225,36.7463022,36.84952215,0.103219950000003
-192396.5,839810,37,1032206.5,36.64333075,36.7465514,36.84977205,0.103220650000001
-192396.5,839743,37,1032139.5,36.64095225,36.7441662,36.84738015,0.103213950000001
-192396.5,839706,37,1032102.5,36.63963875,36.742849,36.84605925,0.10321025
-192396.5,839702,37,1032098.5,36.63949675,36.7427066,36.84591645,0.103209850000003
-192396.5,839802,37,1032198.5,36.64304675,36.7462666,36.84948645,0.103219850000006
-192396.5,839863,37,1032259.5,36.64521225,36.7484382,36.85166415,0.103225950000006
-192396.5,839886,37,1032282.5,36.64602875,36.749257,36.85248525,0.103228250000001
-192396.5,839675,37,1032071.5,36.63853825,36.7417454,36.84495255,0.103207150000003
-192396.5,839858,37,1032254.5,36.64503475,36.7482602,36.85148565,0.103225450000004
-192396.5,839861,37,1032257.5,36.64514125,36.748367,36.85159275,0.10322575
-192396.5,839803,37,1032199.5,36.64308225,36.7463022,36.84952215,0.103219950000003
-192396.5,839828,37,1032224.5,36.64396975,36.7471922,36.85041465,0.103222450000004
-192396.5,839687,37,1032083.5,36.63896425,36.7421726,36.84538095,0.103208349999999
-192396.5,839568,37,1031964.5,36.63473975,36.7379362,36.84113265,0.103196450000002
-192396.5,839734,37,1032130.5,36.64063275,36.7438458,36.84705885,0.103213050000001
-192396.5,839687,37,1032083.5,36.63896425,36.7421726,36.84538095,0.103208349999999
-192396.5,839800,37,1032196.5,36.64297575,36.7461954,36.84941505,0.103219650000003
-192396.5,839872,37,1032268.5,36.64553175,36.7487586,36.85198545,0.103226850000002
-192396.5,839910,37,1032306.5,36.64688075,36.7501114,36.85334205,0.103230650000004
-192396.5,839726,37,1032122.5,36.64034875,36.743561,36.84677325,0.103212250000002
-192396.5,839685,37,1032081.5,36.63889325,36.7421014,36.84530955,0.103208150000004
-192396.5,839780,37,1032176.5,36.64226575,36.7454834,36.84870105,0.103217650000001
-192396.5,839654,37,1032050.5,36.63779275,36.7409978,36.84420285,0.103205050000003
-192396.5,839644,37,1032040.5,36.63743775,36.7406418,36.84384585,0.103204050000002
-192396.5,839705,37,1032101.5,36.63960325,36.7428134,36.84602355,0.103210150000002
-192396.5,839546,37,1031942.5,36.63395875,36.737153,36.84034725,0.103194250000001
-192396.5,839694,37,1032090.5,36.63921275,36.7424218,36.84563085,0.103209050000004
-192396.5,839655,37,1032051.5,36.63782825,36.7410334,36.84423855,0.103205150000004
-192396.5,839536,37,1031932.5,36.63360375,36.736797,36.83999025,0.103193250000004
-192396.5,839733,37,1032129.5,36.64059725,36.7438102,36.84702315,0.103212950000003
-192396.5,839526,37,1031922.5,36.63324875,36.736441,36.83963325,0.103192249999999
-192396.5,839685,37,1032081.5,36.63889325,36.7421014,36.84530955,0.103208150000004
-192396.5,839762,37,1032158.5,36.64162675,36.7448426,36.84805845,0.103215850000002
-192396.5,839631,37,1032027.5,36.63697625,36.740179,36.84338175,0.103202750000005
-192396.5,839655,37,1032051.5,36.63782825,36.7410334,36.84423855,0.103205150000004
-192396.5,839773,37,1032169.5,36.64201725,36.7452342,36.84845115,0.103216950000004
-192396.5,839786,37,1032182.5,36.64247875,36.745697,36.84891525,0.103218250000001
-192396.5,839755,37,1032151.5,36.64137825,36.7445934,36.84780855,0.103215150000004
-192396.5,839601,37,1031997.5,36.63591125,36.739111,36.84231075,0.103199750000002
-192396.5,839845,37,1032241.5,36.64457325,36.7477974,36.85102155,0.103224150000003
-192396.5,839605,37,1032001.5,36.63605325,36.7392534,36.84245355,0.103200150000003
-192396.5,839687,37,1032083.5,36.63896425,36.7421726,36.84538095,0.103208349999999
-192396.5,839585,37,1031981.5,36.63534325,36.7385414,36.84173955,0.103198150000001
-192396.5,839779,37,1032175.5,36.64223025,36.7454478,36.84866535,0.103217550000004
-192396.5,839743,37,1032139.5,36.64095225,36.7441662,36.84738015,0.103213950000001
-192396.5,839521,37,1031917.5,36.63307125,36.736263,36.83945475,0.103191750000001
-192396.5,839648,37,1032044.5,36.63757975,36.7407842,36.84398865,0.103204450000003
-192396.5,839667,37,1032063.5,36.63825425,36.7414606,36.84466695,0.103206350000004
-192396.5,839528,37,1031924.5,36.63331975,36.7365122,36.83970465,0.103192450000002
-192396.5,839586,37,1031982.5,36.63537875,36.738577,36.84177525,0.103198250000002
-192396.5,839589,37,1031985.5,36.63548525,36.7386838,36.84188235,0.103198550000002
-192396.5,839712,37,1032108.5,36.63985175,36.7430626,36.84627345,0.103210850000004
-192396.5,839451,37,1031847.5,36.63058625,36.733771,36.83695575,0.103184750000001
-192396.5,839506,37,1031902.5,36.63253875,36.735729,36.83891925,0.103190250000001
-192396.5,839638,37,1032034.5,36.63722475,36.7404282,36.84363165,0.103203450000006
-192396.5,839723,37,1032119.5,36.64024225,36.7434542,36.84666615,0.103211950000006
-192396.5,839694,37,1032090.5,36.63921275,36.7424218,36.84563085,0.103209050000004
-192396.5,839648,37,1032044.5,36.63757975,36.7407842,36.84398865,0.103204450000003
-192396.5,839570,37,1031966.5,36.63481075,36.7380074,36.84120405,0.103196650000001
-192396.5,839513,37,1031909.5,36.63278725,36.7359782,36.83916915,0.103190950000002
-192396.5,839651,37,1032047.5,36.63768625,36.740891,36.84409575,0.10320475
-192396.5,839726,37,1032122.5,36.64034875,36.743561,36.84677325,0.103212250000002
-192396.5,839758,37,1032154.5,36.64148475,36.7447002,36.84791565,0.103215450000004
-192396.5,839680,37,1032076.5,36.63871575,36.7419234,36.84513105,0.103207650000005
-192396.5,839524,37,1031920.5,36.63317775,36.7363698,36.83956185,0.103192050000001
-192396.5,839521,37,1031917.5,36.63307125,36.736263,36.83945475,0.103191750000001
-192396.5,839735,37,1032131.5,36.64066825,36.7438814,36.84709455,0.103213150000002
-192396.5,839733,37,1032129.5,36.64059725,36.7438102,36.84702315,0.103212950000003
-192396.5,839652,37,1032048.5,36.63772175,36.7409266,36.84413145,0.103204850000004
-192396.5,839653,37,1032049.5,36.63775725,36.7409622,36.84416715,0.103204950000006
-192396.5,839491,37,1031887.5,36.63200625,36.735195,36.83838375,0.103188750000001
-192396.5,839430,37,1031826.5,36.62984075,36.7330234,36.83620605,0.103182650000001
-192396.5,839615,37,1032011.5,36.63640825,36.7396094,36.84281055,0.103201150000004
-192396.5,839540,37,1031936.5,36.63374575,36.7369394,36.84013305,0.103193650000001
-192396.5,839665,37,1032061.5,36.63818325,36.7413894,36.84459555,0.103206150000002
-192396.5,839444,37,1031840.5,36.63033775,36.7335218,36.83670585,0.103184049999999
-192396.5,839485,37,1031881.5,36.63179325,36.7349814,36.83816955,0.103188150000005
-192396.5,839720,37,1032116.5,36.64013575,36.7433474,36.84655905,0.103211650000002
-192396.5,839587,37,1031983.5,36.63541425,36.7386126,36.84181095,0.103198350000003
-192396.5,839572,37,1031968.5,36.63488175,36.7380786,36.84127545,0.103196850000003
-192396.5,839628,37,1032024.5,36.63686975,36.7400722,36.84327465,0.103202450000005
-192396.5,839506,37,1031902.5,36.63253875,36.735729,36.83891925,0.103190250000001
-192396.5,839643,37,1032039.5,36.63740225,36.7406062,36.84381015,0.103203950000005
-192396.5,839631,37,1032027.5,36.63697625,36.740179,36.84338175,0.103202750000005
-192396.5,839545,37,1031941.5,36.63392325,36.7371174,36.84031155,0.103194150000004
-192396.5,839535,37,1031931.5,36.63356825,36.7367614,36.83995455,0.103193150000003
-192396.5,839494,37,1031890.5,36.63211275,36.7353018,36.83849085,0.103189050000005
-192396.5,839574,37,1031970.5,36.63495275,36.7381498,36.84134685,0.103197050000006
-192396.5,839578,37,1031974.5,36.63509475,36.7382922,36.84148965,0.103197450000003
-192396.5,839439,37,1031835.5,36.63016025,36.7333438,36.83652735,0.103183550000004
-192396.5,839614,37,1032010.5,36.63637275,36.7395738,36.84277485,0.103201050000003
-192396.5,839540,37,1031936.5,36.63374575,36.7369394,36.84013305,0.103193650000001
-192396.5,839349,37,1031745.5,36.62696525,36.7301398,36.83331435,0.103174550000002
-192396.5,839481,37,1031877.5,36.63165125,36.734839,36.83802675,0.103187750000004
-192396.5,839594,37,1031990.5,36.63566275,36.7388618,36.84206085,0.103199050000001
-192396.5,839577,37,1031973.5,36.63505925,36.7382566,36.84145395,0.103197350000002
-192396.5,839454,37,1031850.5,36.63069275,36.7338778,36.83706285,0.10318505
