Dat,Point,Value,Kg
0,386,-186916,0.0
1,0,-193998,0.0
2,1,-194155,0.0
3,2,-194104,0.0
4,3,-194194,0.0
5,4,-194275,0.0
6,5,-194220,0.0
7,6,-194293,0.0
8,7,-194434,0.0
9,8,-194107,0.0
10,9,-194099,0.0
11,10,-194219,0.0
12,11,-194409,0.0
13,12,-194358,0.0
14,13,-194321,0.0
15,14,-194127,0.0
16,15,-194175,0.0
17,16,-194244,0.0
18,17,-194231,0.0
19,18,-194116,0.0
20,19,-194072,0.0
21,20,-194165,0.0
22,21,-194389,0.0
23,22,-194231,0.0
24,23,-194299,0.0
25,24,-194293,0.0
26,25,-194320,0.0
27,26,-194367,0.0
28,27,-194354,0.0
29,28,-194177,0.0
30,29,-194273,0.0
31,30,-194221,0.0
32,31,-194282,0.0
33,32,-194217,0.0
34,33,-194142,0.0
35,34,-194242,0.0
36,35,-194179,0.0
37,36,-194191,0.0
38,37,-194428,0.0
39,38,-194393,0.0
40,39,-194402,0.0
41,40,-194297,0.0
42,41,-194197,0.0
43,42,-194204,0.0
44,43,-194291,0.0
45,44,-194157,0.0
46,45,-194172,0.0
47,46,-194321,0.0
48,47,-194258,0.0
49,48,-194174,0.0
50,49,-194207,0.0
51,50,-194390,0.0
52,51,-194234,0.0
53,52,-194214,0.0
54,53,-194200,0.0
55,54,-194218,0.0
56,55,-194120,0.0
57,56,-194188,0.0
58,57,-194205,0.0
59,58,-194080,0.0
60,59,-194305,0.0
61,60,-194252,0.0
62,61,-194298,0.0
63,62,-194382,0.0
64,63,-194269,0.0
65,64,-194247,0.0
66,65,-194162,0.0
67,66,-194178,0.0
68,67,-194271,0.0
69,68,-194233,0.0
70,69,-194248,0.0
71,70,-194168,0.0
72,71,-194242,0.0
73,72,-194173,0.0
74,73,-194205,0.0
75,74,-194295,0.0
76,75,-194286,0.0
77,76,-194323,0.0
78,77,-194328,0.0
79,78,-194294,0.0
80,79,-194232,0.0
81,80,-194235,0.0
82,81,-194136,0.0
83,82,-194241,0.0
84,83,-194302,0.0
85,84,-194081,0.0
86,85,-194144,0.0
87,86,-194178,0.0
88,87,-194237,0.0
89,88,-194299,0.0
90,89,-194259,0.0
91,90,-194311,0.0
92,91,-194142,0.0
93,92,-194208,0.0
94,93,-194250,0.0
95,94,-194191,0.0
96,95,-194152,0.0
97,96,-194222,0.0
98,97,-194222,0.0
99,98,-194278,0.0
100,99,-194264,0.0
101,100,-194191,0.0
102,101,-194292,0.0
103,102,-194235,0.0
104,103,-194175,0.0
105,104,-194250,0.0
106,105,-194215,0.0
107,106,-194269,0.0
108,107,-194123,0.0
109,108,-194203,0.0
110,109,-194319,0.0
111,110,-194319,0.0
112,111,-194119,0.0
113,112,-194216,0.0
114,113,-194253,0.0
115,114,-194271,0.0
116,115,-194290,0.0
117,116,-194306,0.0
118,117,-194320,0.0
119,118,-194364,0.0
120,119,-194321,0.0
121,120,-194341,0.0
122,121,-194215,0.0
123,122,-194220,0.0
124,123,-194235,0.0
125,124,-194132,0.0
126,125,-194171,0.0
127,126,-194185,0.0
128,127,-194257,0.0
129,128,-194237,0.0
130,129,-194385,0.0
131,130,-194368,0.0
132,131,-194311,0.0
133,132,-194320,0.0
134,133,-194254,0.0
135,134,-194232,0.0
136,135,-194268,0.0
137,136,-194289,0.0
138,137,-194143,0.0
139,138,-194266,0.0
140,139,-194195,0.0
141,140,-194220,0.0
142,141,-194245,0.0
143,142,-194182,0.0
144,143,-194246,0.0
145,144,-194330,0.0
146,145,-194294,0.0
147,146,-194221,0.0
148,147,-194254,0.0
149,148,-194389,0.0
150,149,-194327,0.0
151,150,-194242,0.0
152,151,-194338,0.0
153,152,-194329,0.0
154,153,-194104,0.0
155,154,-194348,0.0
156,155,-194319,0.0
157,156,-194284,0.0
158,157,-194249,0.0
159,158,-194216,0.0
160,159,-194178,0.0
161,160,-194334,0.0
162,161,-194433,0.0
163,162,-194300,0.0
164,163,-194342,0.0
165,164,-194347,0.0
166,165,-194353,0.0
167,166,-194228,0.0
168,167,-194129,0.0
169,168,-194288,0.0
170,169,-194260,0.0
171,170,-194054,0.0
172,171,-194133,0.0
173,172,-194246,0.0
174,173,-194257,0.0
175,174,-194482,0.0
176,175,-194244,0.0
177,176,-194159,0.0
178,177,-194229,0.0
179,178,-194302,0.0
180,179,-194253,0.0
181,180,-194019,0.0
182,181,-194112,0.0
183,182,-194108,0.0
184,183,-194282,0.0
185,184,-194488,0.0
186,185,-194041,0.0
187,186,-194076,0.0
188,187,-194190,0.0
189,188,-194240,0.0
190,189,-194278,0.0
191,190,-194207,0.0
192,191,-194151,0.0
193,192,-194149,0.0
194,193,-194211,0.0
195,194,-194288,0.0
196,195,-194321,0.0
197,196,-194295,0.0
198,197,-194325,0.0
199,198,-194305,0.0
200,199,-194221,0.0
201,200,-194271,0.0
202,201,-194289,0.0
203,202,-194274,0.0
204,203,-194340,0.0
205,204,-194196,0.0
206,205,-194290,0.0
207,206,-194305,0.0
208,207,-194380,0.0
209,208,-194164,0.0
210,209,-194118,0.0
211,210,-194458,0.0
212,211,-194349,0.0
213,212,-194278,0.0
214,213,-194210,0.0
215,214,-194113,0.0
216,215,-194242,0.0
217,216,-194251,0.0
218,217,-194332,0.0
219,218,-194175,0.0
220,219,-194213,0.0
221,220,-194351,0.0
222,221,-194194,0.0
223,222,-194245,0.0
224,223,-194254,0.0
225,224,-194177,0.0
226,225,-194262,0.0
227,226,-194288,0.0
228,227,-194262,0.0
229,228,-194323,0.0
230,229,-194243,0.0
231,230,-194255,0.0
232,231,-194183,0.0
233,232,-194282,0.0
234,233,-194246,0.0
235,234,-194118,0.0
236,235,-194180,0.0
237,236,-194365,0.0
238,237,-194413,0.0
239,238,-194349,0.0
240,239,-194209,0.0
241,240,-194307,0.0
242,241,-194384,0.0
243,242,-194374,0.0
244,243,-194172,0.0
245,244,-194343,0.0
246,245,-194287,0.0
247,246,-194300,0.0
248,247,-194399,0.0
249,248,-194293,0.0
250,249,-194299,0.0
251,250,-194404,0.0
252,251,-194365,0.0
253,252,-194167,0.0
254,253,-194223,0.0
255,254,-194366,0.0
256,255,-194094,0.0
257,256,-194189,0.0
258,257,-194297,0.0
259,258,-194234,0.0
260,259,-194275,0.0
261,260,-194303,0.0
262,261,-194152,0.0
263,262,-194250,0.0
264,263,-194270,0.0
265,264,-194381,0.0
266,265,-194433,0.0
267,266,-194302,0.0
268,267,-194297,0.0
269,268,-194232,0.0
270,269,-194384,0.0
271,270,-194464,0.0
272,271,-194090,0.0
273,272,-194088,0.0
274,273,-194343,0.0
275,274,-194351,0.0
276,275,-194163,0.0
277,276,-194299,0.0
278,277,-194078,0.0
279,278,-194034,0.0
280,279,-194319,0.0
281,280,-194188,0.0
282,281,-194451,0.0
283,282,-194338,0.0
284,283,-194144,0.0
285,284,-194102,0.0
286,285,-194346,0.0
287,286,-194233,0.0
288,287,-194310,0.0
289,288,-194256,0.0
290,289,-194249,0.0
291,290,-194261,0.0
292,291,-194390,0.0
293,292,-194447,0.0
294,293,-194224,0.0
295,294,-194096,0.0
296,295,-194183,0.0
297,296,-194337,0.0
298,297,-194150,0.0
299,298,-194142,0.0
300,299,-193955,0.0
301,300,-194081,0.0
302,301,-194214,0.0
303,302,-194383,0.0
304,303,-194245,0.0
305,304,-194394,0.0
306,305,-194212,0.0
307,306,-194124,0.0
308,307,-194170,0.0
309,308,-194109,0.0
310,309,-194356,0.0
311,310,-194345,0.0
312,311,-194335,0.0
313,312,-194290,0.0
314,313,-194218,0.0
315,314,-194355,0.0
316,315,-194319,0.0
317,316,-194314,0.0
318,317,-194238,0.0
319,318,-194292,0.0
320,319,-194254,0.0
321,320,-194084,0.0
322,321,-194249,0.0
323,322,-194249,0.0
324,323,-194320,0.0
325,324,-194093,0.0
326,325,-194206,0.0
327,326,-194224,0.0
328,327,-194153,0.0
329,328,-194190,0.0
330,329,-194091,0.0
331,330,-194275,0.0
332,331,-194254,0.0
333,332,-194438,0.0
334,333,-194059,0.0
335,334,-194115,0.0
336,335,-194192,0.0
337,336,-194170,0.0
338,337,-194390,0.0
339,338,-194209,0.0
340,339,-194138,0.0
341,340,-194321,0.0
342,341,-194086,0.0
343,342,-194202,0.0
344,343,-194127,0.0
345,344,-194191,0.0
346,345,-194302,0.0
347,346,-194345,0.0
348,347,-194325,0.0
349,348,-194265,0.0
350,349,-194169,0.0
351,350,-194104,0.0
352,351,-194246,0.0
353,352,-194160,0.0
354,353,-194267,0.0
355,354,-194356,0.0
356,355,-194318,0.0
357,356,-194231,0.0
358,357,-194236,0.0
359,358,-194203,0.0
360,359,-194321,0.0
361,360,-194212,0.0
362,361,-194279,0.0
363,362,-194239,0.0
364,363,-194290,0.0
365,364,-194207,0.0
366,365,-194327,0.0
367,366,-194218,0.0
368,367,-194228,0.0
369,368,-194241,0.0
370,369,-194137,0.0
371,370,-194227,0.0
372,371,-194287,0.0
373,372,-194354,0.0
374,373,-194345,0.0
375,374,-194459,0.0
376,375,-194368,0.0
377,376,-194217,0.0
378,377,-194126,0.0
379,378,-194183,0.0
380,379,-194257,0.0
381,380,-194201,0.0
382,381,-194062,0.0
383,382,-194321,0.0
384,383,-194286,0.0
385,384,-194304,0.0
386,385,-194231,0.0
387,386,-194312,0.0
388,387,-194329,0.0
389,388,-194264,0.0
390,389,-194243,0.0
391,390,-194173,0.0
392,391,-194278,0.0
393,392,-194157,0.0
394,393,-194210,0.0
395,394,-194246,0.0
396,395,-194126,0.0
397,396,-194214,0.0
398,397,-194283,0.0
399,398,-194113,0.0
400,399,-194209,0.0
401,400,-194291,0.0
402,401,-194176,0.0
403,402,-194198,0.0
404,403,-194243,0.0
405,404,-194070,0.0
406,405,-194167,0.0
407,406,-194338,0.0
408,407,-194244,0.0
409,408,-194374,0.0
410,409,-194277,0.0
411,410,-194152,0.0
412,411,-194148,0.0
413,412,-194446,0.0
414,413,-194168,0.0
415,414,-194160,0.0
416,415,-194190,0.0
417,416,-194168,0.0
418,417,-194143,0.0
419,418,-194436,0.0
420,419,-194239,0.0
421,420,-194270,0.0
422,421,-194299,0.0
423,422,-194111,0.0
424,423,-194342,0.0
425,424,-194340,0.0
426,425,-194485,0.0
427,426,-194237,0.0
428,427,-194196,0.0
429,428,-194251,0.0
430,429,-194152,0.0
431,430,-194154,0.0
432,431,-194431,0.0
433,432,-194314,0.0
434,433,-194396,0.0
435,434,-194377,0.0
436,435,-194412,0.0
437,436,-194198,0.0
438,437,-194309,0.0
439,438,-194292,0.0
440,439,-194318,0.0
441,440,-194284,0.0
442,441,-194348,0.0
443,442,-194220,0.0
444,443,-194153,0.0
445,444,-194307,0.0
446,445,-194296,0.0
447,446,-194322,0.0
448,447,-194498,0.0
449,448,-194341,0.0
450,449,-194172,0.0
451,450,-194272,0.0
452,451,-194313,0.0
453,452,-194280,0.0
454,453,-194222,0.0
455,454,-194106,0.0
456,455,-194369,0.0
457,456,-194388,0.0
458,457,-194254,0.0
459,458,-194209,0.0
460,459,-194322,0.0
461,460,-194418,0.0
462,461,-194302,0.0
463,462,-194320,0.0
464,463,-194209,0.0
465,464,-194272,0.0
466,465,-194259,0.0
467,466,-194235,0.0
468,467,-194241,0.0
469,468,-194245,0.0
470,469,-194212,0.0
471,470,-194264,0.0
472,471,-194285,0.0
473,472,-194287,0.0
474,473,-194174,0.0
475,474,-194239,0.0
476,475,-194242,0.0
477,476,-194146,0.0
478,477,-194103,0.0
479,478,-194298,0.0
480,479,-194334,0.0
481,480,-194463,0.0
482,481,-194356,0.0
483,482,-194261,0.0
484,483,-194242,0.0
485,484,-194204,0.0
486,485,-194254,0.0
487,486,-194186,0.0
488,487,-194322,0.0
489,488,-194193,0.0
490,489,-194280,0.0
491,490,-194243,0.0
492,491,-194369,0.0
493,492,-194398,0.0
494,493,-194160,0.0
495,494,-194382,0.0
496,495,-194277,0.0
497,496,-194436,0.0
498,497,-194176,0.0
499,498,-194073,0.0
500,499,-194224,0.0
501,500,-194295,0.0
502,0,-132088,2.1
503,1,-132036,2.1
504,2,-132099,2.1
505,3,-131943,2.1
506,4,-131977,2.1
507,5,-132276,2.1
508,6,-132125,2.1
509,7,-132091,2.1
510,8,-132053,2.1
511,9,-132007,2.1
512,10,-131936,2.1
513,11,-132132,2.1
514,12,-132021,2.1
515,13,-132006,2.1
516,14,-132111,2.1
517,15,-132062,2.1
518,16,-132185,2.1
519,17,-132176,2.1
520,18,-132105,2.1
521,19,-131996,2.1
522,20,-132016,2.1
523,21,-132205,2.1
524,22,-132292,2.1
525,23,-132119,2.1
526,24,-132176,2.1
527,25,-132173,2.1
528,26,-132086,2.1
529,27,-132319,2.1
530,28,-132170,2.1
531,29,-132198,2.1
532,30,-132157,2.1
533,31,-131853,2.1
534,32,-132055,2.1
535,33,-132216,2.1
536,34,-132194,2.1
537,35,-132142,2.1
538,36,-132067,2.1
539,37,-132194,2.1
540,38,-132093,2.1
541,39,-132141,2.1
542,40,-132067,2.1
543,41,-132380,2.1
544,42,-132054,2.1
545,43,-132154,2.1
546,44,-132039,2.1
547,45,-131991,2.1
548,46,-132181,2.1
549,47,-132166,2.1
550,48,-132104,2.1
551,49,-132071,2.1
552,50,-132110,2.1
553,51,-132102,2.1
554,52,-132200,2.1
555,53,-132128,2.1
556,54,-132114,2.1
557,55,-132176,2.1
558,56,-132267,2.1
559,57,-132049,2.1
560,58,-131985,2.1
561,59,-132083,2.1
562,60,-131974,2.1
563,61,-132021,2.1
564,62,-132254,2.1
565,63,-132169,2.1
566,64,-132200,2.1
567,65,-132060,2.1
568,66,-132076,2.1
569,67,-132170,2.1
570,68,-132230,2.1
571,69,-132079,2.1
572,70,-132186,2.1
573,71,-132210,2.1
574,72,-132167,2.1
575,73,-132200,2.1
576,74,-132322,2.1
577,75,-132210,2.1
578,76,-132366,2.1
579,77,-132347,2.1
580,78,-132168,2.1
581,79,-132207,2.1
582,80,-132315,2.1
583,81,-132258,2.1
584,82,-132167,2.1
585,83,-132128,2.1
586,84,-132236,2.1
587,85,-132322,2.1
588,86,-132247,2.1
589,87,-132260,2.1
590,88,-132194,2.1
591,89,-132124,2.1
592,90,-132316,2.1
593,91,-132271,2.1
594,92,-132326,2.1
595,93,-132188,2.1
596,94,-132198,2.1
597,95,-132192,2.1
598,96,-132284,2.1
599,97,-132320,2.1
600,98,-132235,2.1
601,99,-132082,2.1
602,100,-132196,2.1
603,101,-132218,2.1
604,102,-132206,2.1
605,103,-132190,2.1
606,104,-132223,2.1
607,105,-132032,2.1
608,106,-132185,2.1
609,107,-132258,2.1
610,108,-132317,2.1
611,109,-132154,2.1
612,110,-132136,2.1
613,111,-132391,2.1
614,112,-132277,2.1
615,113,-132080,2.1
616,114,-132292,2.1
617,115,-132266,2.1
618,116,-132092,2.1
619,117,-132326,2.1
620,118,-132280,2.1
621,119,-132253,2.1
622,120,-132019,2.1
623,121,-132041,2.1
624,122,-132333,2.1
625,123,-132315,2.1
626,124,-132322,2.1
627,125,-132131,2.1
628,126,-132049,2.1
629,127,-132195,2.1
630,128,-132256,2.1
631,129,-132354,2.1
632,130,-132228,2.1
633,131,-132171,2.1
634,132,-132279,2.1
635,133,-132282,2.1
636,134,-132261,2.1
637,135,-132325,2.1
638,136,-132346,2.1
639,137,-132140,2.1
640,138,-132279,2.1
641,139,-132201,2.1
642,140,-132300,2.1
643,141,-132237,2.1
644,142,-132284,2.1
645,143,-132117,2.1
646,144,-132068,2.1
647,145,-132215,2.1
648,146,-132200,2.1
649,147,-132227,2.1
650,148,-132365,2.1
651,149,-132333,2.1
652,150,-132342,2.1
653,151,-132298,2.1
654,152,-132276,2.1
655,153,-132253,2.1
656,154,-132305,2.1
657,155,-132376,2.1
658,156,-132228,2.1
659,157,-132244,2.1
660,158,-132109,2.1
661,159,-132365,2.1
662,160,-132357,2.1
663,161,-132243,2.1
664,162,-132201,2.1
665,163,-132255,2.1
666,164,-132338,2.1
667,165,-132264,2.1
668,166,-132204,2.1
669,167,-132192,2.1
670,168,-132124,2.1
671,169,-132230,2.1
672,170,-132325,2.1
673,171,-132283,2.1
674,172,-132077,2.1
675,173,-132196,2.1
676,174,-132217,2.1
677,175,-132337,2.1
678,176,-132171,2.1
679,177,-132229,2.1
680,178,-132187,2.1
681,179,-132308,2.1
682,180,-132322,2.1
683,181,-132309,2.1
684,182,-132371,2.1
685,183,-132382,2.1
686,184,-132335,2.1
687,185,-132271,2.1
688,186,-132280,2.1
689,187,-132348,2.1
690,188,-132443,2.1
691,189,-132338,2.1
692,190,-132375,2.1
693,191,-132319,2.1
694,192,-132299,2.1
695,193,-132399,2.1
696,194,-132342,2.1
697,195,-132339,2.1
698,196,-132279,2.1
699,197,-132329,2.1
700,198,-132421,2.1
701,199,-132291,2.1
702,200,-132149,2.1
703,201,-132382,2.1
704,202,-132351,2.1
705,203,-132487,2.1
706,204,-132378,2.1
707,205,-132141,2.1
708,206,-132281,2.1
709,207,-132458,2.1
710,208,-132325,2.1
711,209,-132399,2.1
712,210,-132387,2.1
713,211,-132409,2.1
714,212,-132254,2.1
715,213,-132353,2.1
716,214,-132442,2.1
717,215,-132473,2.1
718,216,-132291,2.1
719,217,-132289,2.1
720,218,-132341,2.1
721,219,-132360,2.1
722,220,-132314,2.1
723,221,-132344,2.1
724,222,-132353,2.1
725,223,-132355,2.1
726,224,-132366,2.1
727,225,-132280,2.1
728,226,-132366,2.1
729,227,-132423,2.1
730,228,-132359,2.1
731,229,-132379,2.1
732,230,-132182,2.1
733,231,-132453,2.1
734,232,-132353,2.1
735,233,-132507,2.1
736,234,-132354,2.1
737,235,-132375,2.1
738,236,-132442,2.1
739,237,-132404,2.1
740,238,-132424,2.1
741,239,-132518,2.1
742,240,-132517,2.1
743,241,-132463,2.1
744,242,-132368,2.1
745,243,-132424,2.1
746,244,-132456,2.1
747,245,-132416,2.1
748,246,-132342,2.1
749,247,-132462,2.1
750,248,-132361,2.1
751,249,-132380,2.1
752,250,-132464,2.1
753,251,-132533,2.1
754,252,-132505,2.1
755,253,-132382,2.1
756,254,-132318,2.1
757,255,-132335,2.1
758,256,-132410,2.1
759,257,-132303,2.1
760,258,-132309,2.1
761,259,-132521,2.1
762,260,-132438,2.1
763,261,-132332,2.1
764,262,-132421,2.1
765,263,-132315,2.1
766,264,-132395,2.1
767,265,-132426,2.1
768,266,-132422,2.1
769,267,-132396,2.1
770,268,-132495,2.1
771,269,-132413,2.1
772,270,-132410,2.1
773,271,-132415,2.1
774,272,-132475,2.1
775,273,-132534,2.1
776,274,-132620,2.1
777,275,-132334,2.1
778,276,-132440,2.1
779,277,-132388,2.1
780,278,-132317,2.1
781,279,-132313,2.1
782,280,-132403,2.1
783,281,-132322,2.1
784,282,-132360,2.1
785,283,-132290,2.1
786,284,-132312,2.1
787,285,-132315,2.1
788,286,-132328,2.1
789,287,-132372,2.1
790,288,-132355,2.1
791,289,-132362,2.1
792,290,-132371,2.1
793,291,-132301,2.1
794,292,-132473,2.1
795,293,-132339,2.1
796,294,-132443,2.1
797,295,-132485,2.1
798,296,-132384,2.1
799,297,-132398,2.1
800,298,-132426,2.1
801,299,-132435,2.1
802,300,-132346,2.1
803,301,-132611,2.1
804,302,-132523,2.1
805,303,-132374,2.1
806,304,-132416,2.1
807,305,-132497,2.1
808,306,-132390,2.1
809,307,-132392,2.1
810,308,-132361,2.1
811,309,-132443,2.1
812,310,-132540,2.1
813,311,-132265,2.1
814,312,-132331,2.1
815,313,-132438,2.1
816,314,-132461,2.1
817,315,-132457,2.1
818,316,-132495,2.1
819,317,-132331,2.1
820,318,-132283,2.1
821,319,-132465,2.1
822,320,-132361,2.1
823,321,-132337,2.1
824,322,-132478,2.1
825,323,-132431,2.1
826,324,-132426,2.1
827,325,-132444,2.1
828,326,-132358,2.1
829,327,-132430,2.1
830,328,-132397,2.1
831,329,-132520,2.1
832,330,-132448,2.1
833,331,-132368,2.1
834,332,-132424,2.1
835,333,-132447,2.1
836,334,-132539,2.1
837,335,-132444,2.1
838,336,-132633,2.1
839,337,-132477,2.1
840,338,-132439,2.1
841,339,-132434,2.1
842,340,-132398,2.1
843,341,-132489,2.1
844,342,-132458,2.1
845,343,-132544,2.1
846,344,-132498,2.1
847,345,-132343,2.1
848,346,-132448,2.1
849,347,-132478,2.1
850,348,-132534,2.1
851,349,-132623,2.1
852,350,-132514,2.1
853,351,-132551,2.1
854,352,-132464,2.1
855,353,-132390,2.1
856,354,-132436,2.1
857,355,-132389,2.1
858,356,-132507,2.1
859,357,-132678,2.1
860,358,-132466,2.1
861,359,-132464,2.1
862,360,-132427,2.1
863,361,-132438,2.1
864,362,-132471,2.1
865,363,-132536,2.1
866,364,-132471,2.1
867,365,-132423,2.1
868,366,-132669,2.1
869,367,-132677,2.1
870,368,-132565,2.1
871,369,-132382,2.1
872,370,-132522,2.1
873,371,-132451,2.1
874,372,-132458,2.1
875,373,-132405,2.1
876,374,-132733,2.1
877,375,-132641,2.1
878,376,-132453,2.1
879,377,-132474,2.1
880,378,-132582,2.1
881,379,-132365,2.1
882,380,-132495,2.1
883,381,-132495,2.1
884,382,-132478,2.1
885,383,-132463,2.1
886,384,-132433,2.1
887,385,-132391,2.1
888,386,-132520,2.1
889,387,-132524,2.1
890,388,-132449,2.1
891,389,-132321,2.1
892,390,-132423,2.1
893,391,-132528,2.1
894,392,-132579,2.1
895,393,-132548,2.1
896,394,-132479,2.1
897,395,-132447,2.1
898,396,-132671,2.1
899,397,-132501,2.1
900,398,-132393,2.1
901,399,-132500,2.1
902,400,-132528,2.1
903,401,-132470,2.1
904,402,-132333,2.1
905,403,-132507,2.1
906,404,-132518,2.1
907,405,-132536,2.1
908,406,-132591,2.1
909,407,-132375,2.1
910,408,-132361,2.1
911,409,-132606,2.1
912,410,-132618,2.1
913,411,-132615,2.1
914,412,-132530,2.1
915,413,-132390,2.1
916,414,-132442,2.1
917,415,-132478,2.1
918,416,-132462,2.1
919,417,-132603,2.1
920,418,-132524,2.1
921,419,-132618,2.1
922,420,-132550,2.1
923,421,-132604,2.1
924,422,-132535,2.1
925,423,-132502,2.1
926,424,-132542,2.1
927,425,-132502,2.1
928,426,-132517,2.1
929,427,-132619,2.1
930,428,-132562,2.1
931,429,-132441,2.1
932,430,-132559,2.1
933,431,-132392,2.1
934,432,-132333,2.1
935,433,-132476,2.1
936,434,-132416,2.1
937,435,-132504,2.1
938,436,-132315,2.1
939,437,-132439,2.1
940,438,-132564,2.1
941,439,-132614,2.1
942,440,-132463,2.1
943,441,-132338,2.1
944,442,-132443,2.1
945,443,-132479,2.1
946,444,-132506,2.1
947,445,-132381,2.1
948,446,-132565,2.1
949,447,-132625,2.1
950,448,-132524,2.1
951,449,-132529,2.1
952,450,-132529,2.1
953,451,-132444,2.1
954,452,-132473,2.1
955,453,-132498,2.1
956,454,-132573,2.1
957,455,-132577,2.1
958,456,-132589,2.1
959,457,-132590,2.1
960,458,-132631,2.1
961,459,-132566,2.1
962,460,-132461,2.1
963,461,-132621,2.1
964,462,-132419,2.1
965,463,-132475,2.1
966,464,-132673,2.1
967,465,-132495,2.1
968,466,-132569,2.1
969,467,-132647,2.1
970,468,-132580,2.1
971,469,-132521,2.1
972,470,-132562,2.1
973,471,-132469,2.1
974,472,-132367,2.1
975,473,-132487,2.1
976,474,-132501,2.1
977,475,-132497,2.1
978,476,-132399,2.1
979,477,-132577,2.1
980,478,-132607,2.1
981,479,-132554,2.1
982,480,-132509,2.1
983,481,-132474,2.1
984,482,-132516,2.1
985,483,-132655,2.1
986,484,-132707,2.1
987,485,-132578,2.1
988,486,-132611,2.1
989,487,-132563,2.1
990,488,-132529,2.1
991,489,-132553,2.1
992,490,-132577,2.1
993,491,-132607,2.1
994,492,-132627,2.1
995,493,-132439,2.1
996,494,-132566,2.1
997,495,-132418,2.1
998,496,-132700,2.1
999,497,-132684,2.1
1000,498,-132595,2.1
1001,499,-132602,2.1
1002,500,-132494,2.1
1003,0,-60355,4.9
1004,1,-60381,4.9
1005,2,-60400,4.9
1006,3,-60473,4.9
1007,4,-60488,4.9
1008,5,-60398,4.9
1009,6,-60368,4.9
1010,7,-60430,4.9
1011,8,-60353,4.9
1012,9,-60527,4.9
1013,10,-60399,4.9
1014,11,-60430,4.9
1015,12,-60370,4.9
1016,13,-60333,4.9
1017,14,-60370,4.9
1018,15,-60388,4.9
1019,16,-60362,4.9
1020,17,-60461,4.9
1021,18,-60556,4.9
1022,19,-60461,4.9
1023,20,-60487,4.9
1024,21,-60467,4.9
1025,22,-60336,4.9
1026,23,-60401,4.9
1027,24,-60516,4.9
1028,25,-60390,4.9
1029,26,-60304,4.9
1030,27,-60218,4.9
1031,28,-60508,4.9
1032,29,-60457,4.9
1033,30,-60381,4.9
1034,31,-60399,4.9
1035,32,-60455,4.9
1036,33,-60491,4.9
1037,34,-60427,4.9
1038,35,-60450,4.9
1039,36,-60421,4.9
1040,37,-60410,4.9
1041,38,-60518,4.9
1042,39,-60511,4.9
1043,40,-60419,4.9
1044,41,-60521,4.9
1045,42,-60358,4.9
1046,43,-60516,4.9
1047,44,-60511,4.9
1048,45,-60509,4.9
1049,46,-60477,4.9
1050,47,-60459,4.9
1051,48,-60474,4.9
1052,49,-60455,4.9
1053,50,-60568,4.9
1054,51,-60510,4.9
1055,52,-60471,4.9
1056,53,-60419,4.9
1057,54,-60365,4.9
1058,55,-60443,4.9
1059,56,-60512,4.9
1060,57,-60459,4.9
1061,58,-60540,4.9
1062,59,-60507,4.9
1063,60,-60495,4.9
1064,61,-60411,4.9
1065,62,-60553,4.9
1066,63,-60782,4.9
1067,64,-60566,4.9
1068,65,-60455,4.9
1069,66,-60448,4.9
1070,67,-60515,4.9
1071,68,-60403,4.9
1072,69,-60411,4.9
1073,70,-60500,4.9
1074,71,-60653,4.9
1075,72,-60540,4.9
1076,73,-60525,4.9
1077,74,-60636,4.9
1078,75,-60521,4.9
1079,76,-60487,4.9
1080,77,-60631,4.9
1081,78,-60669,4.9
1082,79,-60592,4.9
1083,80,-60656,4.9
1084,81,-60496,4.9
1085,82,-60515,4.9
1086,83,-60518,4.9
1087,84,-60395,4.9
1088,85,-60397,4.9
1089,86,-60505,4.9
1090,87,-60499,4.9
1091,88,-60638,4.9
1092,89,-60516,4.9
1093,90,-60620,4.9
1094,91,-60575,4.9
1095,92,-60556,4.9
1096,93,-60431,4.9
1097,94,-60697,4.9
1098,95,-60568,4.9
1099,96,-60443,4.9
1100,97,-60479,4.9
1101,98,-60526,4.9
1102,99,-60437,4.9
1103,100,-60408,4.9
1104,101,-60422,4.9
1105,102,-60550,4.9
1106,103,-60575,4.9
1107,104,-60615,4.9
1108,105,-60546,4.9
1109,106,-60544,4.9
1110,107,-60548,4.9
1111,108,-60621,4.9
1112,109,-60699,4.9
1113,110,-60783,4.9
1114,111,-60560,4.9
1115,112,-60672,4.9
1116,113,-60599,4.9
1117,114,-60640,4.9
1118,115,-60620,4.9
1119,116,-60640,4.9
1120,117,-60525,4.9
1121,118,-60521,4.9
1122,119,-60571,4.9
1123,120,-60632,4.9
1124,121,-60540,4.9
1125,122,-60584,4.9
1126,123,-60647,4.9
1127,124,-60675,4.9
1128,125,-60706,4.9
1129,126,-60699,4.9
1130,127,-60524,4.9
1131,128,-60558,4.9
1132,129,-60561,4.9
1133,130,-60731,4.9
1134,131,-60801,4.9
1135,132,-60741,4.9
1136,133,-60735,4.9
1137,134,-60374,4.9
1138,135,-60714,4.9
1139,136,-60711,4.9
1140,137,-60646,4.9
1141,138,-60685,4.9
1142,139,-60541,4.9
1143,140,-60602,4.9
1144,141,-60701,4.9
1145,142,-60576,4.9
1146,143,-60621,4.9
1147,144,-60620,4.9
1148,145,-60598,4.9
1149,146,-60673,4.9
1150,147,-60730,4.9
1151,148,-60662,4.9
1152,149,-60692,4.9
1153,150,-60557,4.9
1154,151,-60539,4.9
1155,152,-60600,4.9
1156,153,-60577,4.9
1157,154,-60536,4.9
1158,155,-60739,4.9
1159,156,-60545,4.9
1160,157,-60485,4.9
1161,158,-60652,4.9
1162,159,-60633,4.9
1163,160,-60649,4.9
1164,161,-60658,4.9
1165,162,-60686,4.9
1166,163,-60646,4.9
1167,164,-60711,4.9
1168,165,-60598,4.9
1169,166,-60795,4.9
1170,167,-60753,4.9
1171,168,-60766,4.9
1172,169,-60613,4.9
1173,170,-60564,4.9
1174,171,-60664,4.9
1175,172,-60665,4.9
1176,173,-60610,4.9
1177,174,-60843,4.9
1178,175,-60837,4.9
1179,176,-60539,4.9
1180,177,-60607,4.9
1181,178,-60674,4.9
1182,179,-60899,4.9
1183,180,-60873,4.9
1184,181,-60540,4.9
1185,182,-60691,4.9
1186,183,-60708,4.9
1187,184,-60741,4.9
1188,185,-60702,4.9
1189,186,-60627,4.9
1190,187,-60583,4.9
1191,188,-60614,4.9
1192,189,-60724,4.9
1193,190,-60687,4.9
1194,191,-60738,4.9
1195,192,-60812,4.9
1196,193,-60809,4.9
1197,194,-60725,4.9
1198,195,-60614,4.9
1199,196,-60544,4.9
1200,197,-60624,4.9
1201,198,-60703,4.9
1202,199,-60656,4.9
1203,200,-60590,4.9
1204,201,-60646,4.9
1205,202,-60732,4.9
1206,203,-60654,4.9
1207,204,-60545,4.9
1208,205,-60620,4.9
1209,206,-60708,4.9
1210,207,-60738,4.9
1211,208,-60727,4.9
1212,209,-60657,4.9
1213,210,-60678,4.9
1214,211,-60658,4.9
1215,212,-60601,4.9
1216,213,-60839,4.9
1217,214,-60628,4.9
1218,215,-60677,4.9
1219,216,-60748,4.9
1220,217,-60676,4.9
1221,218,-60829,4.9
1222,219,-60843,4.9
1223,220,-60466,4.9
1224,221,-60736,4.9
1225,222,-60671,4.9
1226,223,-60816,4.9
1227,224,-60814,4.9
1228,225,-60779,4.9
1229,226,-60673,4.9
1230,227,-60631,4.9
1231,228,-60578,4.9
1232,229,-60646,4.9
1233,230,-60719,4.9
1234,231,-60667,4.9
1235,232,-60627,4.9
1236,233,-60612,4.9
1237,234,-60673,4.9
1238,235,-60680,4.9
1239,236,-60671,4.9
1240,237,-60627,4.9
1241,238,-60695,4.9
1242,239,-60806,4.9
1243,240,-60910,4.9
1244,241,-60765,4.9
1245,242,-60902,4.9
1246,243,-60949,4.9
1247,244,-60778,4.9
1248,245,-60743,4.9
1249,246,-60682,4.9
1250,247,-60792,4.9
1251,248,-60629,4.9
1252,249,-60728,4.9
1253,250,-60770,4.9
1254,251,-60825,4.9
1255,252,-60757,4.9
1256,253,-60688,4.9
1257,254,-60813,4.9
1258,255,-60854,4.9
1259,256,-60737,4.9
1260,257,-60897,4.9
1261,258,-60873,4.9
1262,259,-60895,4.9
1263,260,-60610,4.9
1264,261,-60656,4.9
1265,262,-60687,4.9
1266,263,-60667,4.9
1267,264,-60697,4.9
1268,265,-60794,4.9
1269,266,-60692,4.9
1270,267,-60917,4.9
1271,268,-60697,4.9
1272,269,-60905,4.9
1273,270,-60790,4.9
1274,271,-60814,4.9
1275,272,-60715,4.9
1276,273,-60702,4.9
1277,274,-60755,4.9
1278,275,-60752,4.9
1279,276,-60821,4.9
1280,277,-60823,4.9
1281,278,-60827,4.9
1282,279,-60737,4.9
1283,280,-60791,4.9
1284,281,-60772,4.9
1285,282,-60968,4.9
1286,283,-60857,4.9
1287,284,-60878,4.9
1288,285,-60814,4.9
1289,286,-60658,4.9
1290,287,-60694,4.9
1291,288,-60786,4.9
1292,289,-60782,4.9
1293,290,-60724,4.9
1294,291,-60750,4.9
1295,292,-60649,4.9
1296,293,-60691,4.9
1297,294,-60799,4.9
1298,295,-60848,4.9
1299,296,-60840,4.9
1300,297,-60776,4.9
1301,298,-60791,4.9
1302,299,-60812,4.9
1303,300,-60837,4.9
1304,301,-60749,4.9
1305,302,-60733,4.9
1306,303,-60878,4.9
1307,304,-60861,4.9
1308,305,-60905,4.9
1309,306,-61025,4.9
1310,307,-60979,4.9
1311,308,-60875,4.9
1312,309,-60774,4.9
1313,310,-60843,4.9
1314,311,-60703,4.9
1315,312,-60758,4.9
1316,313,-60860,4.9
1317,314,-60880,4.9
1318,315,-60821,4.9
1319,316,-60986,4.9
1320,317,-60818,4.9
1321,318,-60750,4.9
1322,319,-60870,4.9
1323,320,-60703,4.9
1324,321,-60836,4.9
1325,322,-60756,4.9
1326,323,-60715,4.9
1327,324,-60950,4.9
1328,325,-60982,4.9
1329,326,-60957,4.9
1330,327,-60788,4.9
1331,328,-60750,4.9
1332,329,-61031,4.9
1333,330,-60833,4.9
1334,331,-60888,4.9
1335,332,-60857,4.9
1336,333,-60849,4.9
1337,334,-60699,4.9
1338,335,-60731,4.9
1339,336,-60784,4.9
1340,337,-60802,4.9
1341,338,-60694,4.9
1342,339,-60810,4.9
1343,340,-60914,4.9
1344,341,-60951,4.9
1345,342,-60741,4.9
1346,343,-60741,4.9
1347,344,-60688,4.9
1348,345,-60801,4.9
1349,346,-60798,4.9
1350,347,-60941,4.9
1351,348,-60796,4.9
1352,349,-60946,4.9
1353,350,-60894,4.9
1354,351,-60829,4.9
1355,352,-60853,4.9
1356,353,-60958,4.9
1357,354,-60987,4.9
1358,355,-60939,4.9
1359,356,-60993,4.9
1360,357,-60840,4.9
1361,358,-60879,4.9
1362,359,-60944,4.9
1363,360,-60887,4.9
1364,361,-60809,4.9
1365,362,-60801,4.9
1366,363,-60743,4.9
1367,364,-60947,4.9
1368,365,-60872,4.9
1369,366,-60910,4.9
1370,367,-61003,4.9
1371,368,-60651,4.9
1372,369,-60740,4.9
1373,370,-60820,4.9
1374,371,-60810,4.9
1375,372,-60727,4.9
1376,373,-60974,4.9
1377,374,-60776,4.9
1378,375,-60843,4.9
1379,376,-61022,4.9
1380,377,-60837,4.9
1381,378,-60801,4.9
1382,379,-61005,4.9
1383,380,-61019,4.9
1384,381,-60932,4.9
1385,382,-60808,4.9
1386,383,-60702,4.9
1387,384,-60865,4.9
1388,385,-60778,4.9
1389,386,-60848,4.9
1390,387,-60864,4.9
1391,388,-60963,4.9
1392,389,-60932,4.9
1393,390,-60888,4.9
1394,391,-60892,4.9
1395,392,-60969,4.9
1396,393,-61056,4.9
1397,394,-60842,4.9
1398,395,-60813,4.9
1399,396,-60892,4.9
1400,397,-60728,4.9
1401,398,-60941,4.9
1402,399,-61006,4.9
1403,400,-60971,4.9
1404,401,-60966,4.9
1405,402,-60836,4.9
1406,403,-60726,4.9
1407,404,-61006,4.9
1408,405,-60919,4.9
1409,406,-60880,4.9
1410,407,-60983,4.9
1411,408,-60719,4.9
1412,409,-60735,4.9
1413,410,-60955,4.9
1414,411,-60943,4.9
1415,412,-60892,4.9
1416,413,-60890,4.9
1417,414,-60892,4.9
1418,415,-60803,4.9
1419,416,-60900,4.9
1420,417,-60788,4.9
1421,418,-60874,4.9
1422,419,-60944,4.9
1423,420,-60757,4.9
1424,421,-60936,4.9
1425,422,-60992,4.9
1426,423,-60940,4.9
1427,424,-60956,4.9
1428,425,-60687,4.9
1429,426,-60792,4.9
1430,427,-60805,4.9
1431,428,-60960,4.9
1432,429,-60917,4.9
1433,430,-60869,4.9
1434,431,-60899,4.9
1435,432,-60940,4.9
1436,433,-60909,4.9
1437,434,-60829,4.9
1438,435,-60889,4.9
1439,436,-60922,4.9
1440,437,-61013,4.9
1441,438,-61007,4.9
1442,439,-60687,4.9
1443,440,-60745,4.9
1444,441,-60935,4.9
1445,442,-60996,4.9
1446,443,-60989,4.9
1447,444,-60916,4.9
1448,445,-60964,4.9
1449,446,-60813,4.9
1450,447,-60849,4.9
1451,448,-60942,4.9
1452,449,-60964,4.9
1453,450,-60894,4.9
1454,451,-60930,4.9
1455,452,-60901,4.9
1456,453,-60983,4.9
1457,454,-61050,4.9
1458,455,-61027,4.9
1459,456,-60850,4.9
1460,457,-60951,4.9
1461,458,-60945,4.9
1462,459,-60926,4.9
1463,460,-60952,4.9
1464,461,-60862,4.9
1465,462,-60876,4.9
1466,463,-60886,4.9
1467,464,-61003,4.9
1468,465,-60894,4.9
1469,466,-60900,4.9
1470,467,-60848,4.9
1471,468,-60862,4.9
1472,469,-60903,4.9
1473,470,-61033,4.9
1474,471,-60958,4.9
1475,472,-61006,4.9
1476,473,-61010,4.9
1477,474,-61062,4.9
1478,475,-60777,4.9
1479,476,-60604,4.9
1480,477,-61070,4.9
1481,478,-60970,4.9
1482,479,-60767,4.9
1483,480,-60727,4.9
1484,481,-60841,4.9
1485,482,-60946,4.9
1486,483,-60994,4.9
1487,484,-60889,4.9
1488,485,-60893,4.9
1489,486,-60914,4.9
1490,487,-60994,4.9
1491,488,-61055,4.9
1492,489,-60963,4.9
1493,490,-60798,4.9
1494,491,-60894,4.9
1495,492,-60928,4.9
1496,493,-60920,4.9
1497,494,-61050,4.9
1498,495,-60943,4.9
1499,496,-60820,4.9
1500,497,-60939,4.9
1501,498,-60930,4.9
1502,499,-60886,4.9
1503,500,-60862,4.9
1504,0,19497,7.75
1505,1,19613,7.75
1506,2,19343,7.75
1507,3,19457,7.75
1508,4,19454,7.75
1509,5,19301,7.75
1510,6,19444,7.75
1511,7,19323,7.75
1512,8,19468,7.75
1513,9,19314,7.75
1514,10,19370,7.75
1515,11,19414,7.75
1516,12,19545,7.75
1517,13,19398,7.75
1518,14,19241,7.75
1519,15,19277,7.75
1520,16,19464,7.75
1521,17,19616,7.75
1522,18,19338,7.75
1523,19,19324,7.75
1524,20,19405,7.75
1525,21,19564,7.75
1526,22,19532,7.75
1527,23,19205,7.75
1528,24,19354,7.75
1529,25,19378,7.75
1530,26,19329,7.75
1531,27,19316,7.75
1532,28,19358,7.75
1533,29,19358,7.75
1534,30,19275,7.75
1535,31,19275,7.75
1536,32,19370,7.75
1537,33,19279,7.75
1538,34,19403,7.75
1539,35,19271,7.75
1540,36,19361,7.75
1541,37,19387,7.75
1542,38,19322,7.75
1543,39,19371,7.75
1544,40,19369,7.75
1545,41,19389,7.75
1546,42,19373,7.75
1547,43,19232,7.75
1548,44,19242,7.75
1549,45,19294,7.75
1550,46,19299,7.75
1551,47,19294,7.75
1552,48,19264,7.75
1553,49,19376,7.75
1554,50,19297,7.75
1555,51,19302,7.75
1556,52,19240,7.75
1557,53,19202,7.75
1558,54,19287,7.75
1559,55,19332,7.75
1560,56,19308,7.75
1561,57,19284,7.75
1562,58,19216,7.75
1563,59,19192,7.75
1564,60,19237,7.75
1565,61,19211,7.75
1566,62,19211,7.75
1567,63,19189,7.75
1568,64,19383,7.75
1569,65,19145,7.75
1570,66,19251,7.75
1571,67,19293,7.75
1572,68,19205,7.75
1573,69,19267,7.75
1574,70,19276,7.75
1575,71,19375,7.75
1576,72,19277,7.75
1577,73,19238,7.75
1578,74,19290,7.75
1579,75,19194,7.75
1580,76,19174,7.75
1581,77,19190,7.75
1582,78,19247,7.75
1583,79,19315,7.75
1584,80,19264,7.75
1585,81,19143,7.75
1586,82,19213,7.75
1587,83,19235,7.75
1588,84,19295,7.75
1589,85,19234,7.75
1590,86,19239,7.75
1591,87,19255,7.75
1592,88,19254,7.75
1593,89,19226,7.75
1594,90,19105,7.75
1595,91,19260,7.75
1596,92,19240,7.75
1597,93,19212,7.75
1598,94,19143,7.75
1599,95,19290,7.75
1600,96,19278,7.75
1601,97,19267,7.75
1602,98,19316,7.75
1603,99,19351,7.75
1604,100,19325,7.75
1605,101,19178,7.75
1606,102,19016,7.75
1607,103,19211,7.75
1608,104,19076,7.75
1609,105,19101,7.75
1610,106,19204,7.75
1611,107,19315,7.75
1612,108,19331,7.75
1613,109,19087,7.75
1614,110,19152,7.75
1615,111,19308,7.75
1616,112,19237,7.75
1617,113,19217,7.75
1618,114,19151,7.75
1619,115,19205,7.75
1620,116,19316,7.75
1621,117,19131,7.75
1622,118,18990,7.75
1623,119,19010,7.75
1624,120,19047,7.75
1625,121,19279,7.75
1626,122,19134,7.75
1627,123,19094,7.75
1628,124,19302,7.75
1629,125,19362,7.75
1630,126,19030,7.75
1631,127,19284,7.75
1632,128,19187,7.75
1633,129,19011,7.75
1634,130,19108,7.75
1635,131,19277,7.75
1636,132,19122,7.75
1637,133,19173,7.75
1638,134,19139,7.75
1639,135,19068,7.75
1640,136,19158,7.75
1641,137,19107,7.75
1642,138,19148,7.75
1643,139,19170,7.75
1644,140,19221,7.75
1645,141,19118,7.75
1646,142,19056,7.75
1647,143,19106,7.75
1648,144,19087,7.75
1649,145,19106,7.75
1650,146,19070,7.75
1651,147,18998,7.75
1652,148,19084,7.75
1653,149,19094,7.75
1654,150,18985,7.75
1655,151,19119,7.75
1656,152,19163,7.75
1657,153,19181,7.75
1658,154,19179,7.75
1659,155,19054,7.75
1660,156,19086,7.75
1661,157,19209,7.75
1662,158,19085,7.75
1663,159,19159,7.75
1664,160,19016,7.75
1665,161,19222,7.75
1666,162,19175,7.75
1667,163,19022,7.75
1668,164,18961,7.75
1669,165,19186,7.75
1670,166,18962,7.75
1671,167,19072,7.75
1672,168,18967,7.75
1673,169,18947,7.75
1674,170,19129,7.75
1675,171,19128,7.75
1676,172,19197,7.75
1677,173,19100,7.75
1678,174,18980,7.75
1679,175,18770,7.75
1680,176,19055,7.75
1681,177,19059,7.75
1682,178,18995,7.75
1683,179,18864,7.75
1684,180,19116,7.75
1685,181,18968,7.75
1686,182,18960,7.75
1687,183,18821,7.75
1688,184,19021,7.75
1689,185,19096,7.75
1690,186,18937,7.75
1691,187,19045,7.75
1692,188,19073,7.75
1693,189,18999,7.75
1694,190,19028,7.75
1695,191,18991,7.75
1696,192,19099,7.75
1697,193,19190,7.75
1698,194,18859,7.75
1699,195,18932,7.75
1700,196,18952,7.75
1701,197,18950,7.75
1702,198,19039,7.75
1703,199,19189,7.75
1704,200,19194,7.75
1705,201,18926,7.75
1706,202,19054,7.75
1707,203,19069,7.75
1708,204,19145,7.75
1709,205,19036,7.75
1710,206,18938,7.75
1711,207,19003,7.75
1712,208,18971,7.75
1713,209,19051,7.75
1714,210,19022,7.75
1715,211,18916,7.75
1716,212,18914,7.75
1717,213,19031,7.75
1718,214,18939,7.75
1719,215,19026,7.75
1720,216,19126,7.75
1721,217,18983,7.75
1722,218,19012,7.75
1723,219,18930,7.75
1724,220,18829,7.75
1725,221,18835,7.75
1726,222,18887,7.75
1727,223,19056,7.75
1728,224,19042,7.75
1729,225,18717,7.75
1730,226,18942,7.75
1731,227,18842,7.75
1732,228,18843,7.75
1733,229,18893,7.75
1734,230,19106,7.75
1735,231,18968,7.75
1736,232,18794,7.75
1737,233,18990,7.75
1738,234,19038,7.75
1739,235,18820,7.75
1740,236,19021,7.75
1741,237,18840,7.75
1742,238,19062,7.75
1743,239,18935,7.75
1744,240,18994,7.75
1745,241,18961,7.75
1746,242,18815,7.75
1747,243,18980,7.75
1748,244,18924,7.75
1749,245,18952,7.75
1750,246,19133,7.75
1751,247,18927,7.75
1752,248,18977,7.75
1753,249,18889,7.75
1754,250,19082,7.75
1755,251,18921,7.75
1756,252,18822,7.75
1757,253,18868,7.75
1758,254,18947,7.75
1759,255,18947,7.75
1760,256,18914,7.75
1761,257,18886,7.75
1762,258,18877,7.75
1763,259,18929,7.75
1764,260,18914,7.75
1765,261,18833,7.75
1766,262,18753,7.75
1767,263,18995,7.75
1768,264,18889,7.75
1769,265,18930,7.75
1770,266,18845,7.75
1771,267,18686,7.75
1772,268,18927,7.75
1773,269,18850,7.75
1774,270,18978,7.75
1775,271,18877,7.75
1776,272,18975,7.75
1777,273,18853,7.75
1778,274,18825,7.75
1779,275,18948,7.75
1780,276,18910,7.75
1781,277,18853,7.75
1782,278,19010,7.75
1783,279,19008,7.75
1784,280,18778,7.75
1785,281,18880,7.75
1786,282,18809,7.75
1787,283,18813,7.75
1788,284,18984,7.75
1789,285,18876,7.75
1790,286,18930,7.75
1791,287,18696,7.75
1792,288,18838,7.75
1793,289,18867,7.75
1794,290,18745,7.75
1795,291,18697,7.75
1796,292,18752,7.75
1797,293,18849,7.75
1798,294,18900,7.75
1799,295,18915,7.75
1800,296,18781,7.75
1801,297,18953,7.75
1802,298,18818,7.75
1803,299,18800,7.75
1804,300,18864,7.75
1805,301,19036,7.75
1806,302,18921,7.75
1807,303,18849,7.75
1808,304,18892,7.75
1809,305,18767,7.75
1810,306,18828,7.75
1811,307,18736,7.75
1812,308,18727,7.75
1813,309,18822,7.75
1814,310,18772,7.75
1815,311,18826,7.75
1816,312,18768,7.75
1817,313,18851,7.75
1818,314,18804,7.75
1819,315,18679,7.75
1820,316,18690,7.75
1821,317,18902,7.75
1822,318,18934,7.75
1823,319,18816,7.75
1824,320,18669,7.75
1825,321,18877,7.75
1826,322,18702,7.75
1827,323,18769,7.75
1828,324,18846,7.75
1829,325,18819,7.75
1830,326,18886,7.75
1831,327,18912,7.75
1832,328,18818,7.75
1833,329,18812,7.75
1834,330,18761,7.75
1835,331,18792,7.75
1836,332,18917,7.75
1837,333,18783,7.75
1838,334,18708,7.75
1839,335,18913,7.75
1840,336,18792,7.75
1841,337,18877,7.75
1842,338,18741,7.75
1843,339,18773,7.75
1844,340,18822,7.75
1845,341,18858,7.75
1846,342,18739,7.75
1847,343,18858,7.75
1848,344,18971,7.75
1849,345,18770,7.75
1850,346,18851,7.75
1851,347,18831,7.75
1852,348,18786,7.75
1853,349,18752,7.75
1854,350,18793,7.75
1855,351,18925,7.75
1856,352,18767,7.75
1857,353,18770,7.75
1858,354,18756,7.75
1859,355,18745,7.75
1860,356,18660,7.75
1861,357,18734,7.75
1862,358,18830,7.75
1863,359,18745,7.75
1864,360,18790,7.75
1865,361,18801,7.75
1866,362,18798,7.75
1867,363,18658,7.75
1868,364,18785,7.75
1869,365,18755,7.75
1870,366,18823,7.75
1871,367,18704,7.75
1872,368,18692,7.75
1873,369,18752,7.75
1874,370,18757,7.75
1875,371,18832,7.75
1876,372,18700,7.75
1877,373,18746,7.75
1878,374,18669,7.75
1879,375,18789,7.75
1880,376,18693,7.75
1881,377,18732,7.75
1882,378,18690,7.75
1883,379,18754,7.75
1884,380,18741,7.75
1885,381,18836,7.75
1886,382,18668,7.75
1887,383,18751,7.75
1888,384,18801,7.75
1889,385,18728,7.75
1890,386,18813,7.75
1891,387,18689,7.75
1892,388,18655,7.75
1893,389,18718,7.75
1894,390,18699,7.75
1895,391,18771,7.75
1896,392,18803,7.75
1897,393,18819,7.75
1898,394,18835,7.75
1899,395,18711,7.75
1900,396,18780,7.75
1901,397,18825,7.75
1902,398,18745,7.75
1903,399,18756,7.75
1904,400,18818,7.75
1905,401,18677,7.75
1906,402,18644,7.75
1907,403,18690,7.75
1908,404,18636,7.75
1909,405,18613,7.75
1910,406,18835,7.75
1911,407,18746,7.75
1912,408,18563,7.75
1913,409,18676,7.75
1914,410,18878,7.75
1915,411,18755,7.75
1916,412,18841,7.75
1917,413,18810,7.75
1918,414,18820,7.75
1919,415,18748,7.75
1920,416,18622,7.75
1921,417,18699,7.75
1922,418,18628,7.75
1923,419,18675,7.75
1924,420,18718,7.75
1925,421,18669,7.75
1926,422,18695,7.75
1927,423,18590,7.75
1928,424,18642,7.75
1929,425,18540,7.75
1930,426,18755,7.75
1931,427,18755,7.75
1932,428,18691,7.75
1933,429,18700,7.75
1934,430,18736,7.75
1935,431,18692,7.75
1936,432,18687,7.75
1937,433,18631,7.75
1938,434,18753,7.75
1939,435,18730,7.75
1940,436,18648,7.75
1941,437,18825,7.75
1942,438,18735,7.75
1943,439,18652,7.75
1944,440,18587,7.75
1945,441,18689,7.75
1946,442,18660,7.75
1947,443,18562,7.75
1948,444,18738,7.75
1949,445,18565,7.75
1950,446,18611,7.75
1951,447,18758,7.75
1952,448,18724,7.75
1953,449,18682,7.75
1954,450,18679,7.75
1955,451,18755,7.75
1956,452,18585,7.75
1957,453,18684,7.75
1958,454,18642,7.75
1959,455,18641,7.75
1960,456,18687,7.75
1961,457,18697,7.75
1962,458,18694,7.75
1963,459,18720,7.75
1964,460,18664,7.75
1965,461,18599,7.75
1966,462,18573,7.75
1967,463,18698,7.75
1968,464,18671,7.75
1969,465,18718,7.75
1970,466,18681,7.75
1971,467,18613,7.75
1972,468,18758,7.75
1973,469,18788,7.75
1974,470,18567,7.75
1975,471,18791,7.75
1976,472,18866,7.75
1977,473,18718,7.75
1978,474,18818,7.75
1979,475,18800,7.75
1980,476,18665,7.75
1981,477,18620,7.75
1982,478,18769,7.75
1983,479,18558,7.75
1984,480,18713,7.75
1985,481,18607,7.75
1986,482,18574,7.75
1987,483,18564,7.75
1988,484,18839,7.75
1989,485,18623,7.75
1990,486,18588,7.75
1991,487,18709,7.75
1992,488,18584,7.75
1993,489,18512,7.75
1994,490,18484,7.75
1995,491,18469,7.75
1996,492,18737,7.75
1997,493,18761,7.75
1998,494,18737,7.75
1999,495,18438,7.75
2000,496,18546,7.75
2001,497,18634,7.75
2002,498,18469,7.75
2003,499,18580,7.75
2004,500,18491,7.75
2005,0,110046,11.0
2006,1,110123,11.0
2007,2,110046,11.0
2008,3,109923,11.0
2009,4,109920,11.0
2010,5,110102,11.0
2011,6,110126,11.0
2012,7,110065,11.0
2013,8,109899,11.0
2014,9,109853,11.0
2015,10,110070,11.0
2016,11,110029,11.0
2017,12,110029,11.0
2018,13,109985,11.0
2019,14,109976,11.0
2020,15,110043,11.0
2021,16,110081,11.0
2022,17,110095,11.0
2023,18,110042,11.0
2024,19,110011,11.0
2025,20,109938,11.0
2026,21,110007,11.0
2027,22,110049,11.0
2028,23,110112,11.0
2029,24,109882,11.0
2030,25,110190,11.0
2031,26,110041,11.0
2032,27,109983,11.0
2033,28,110081,11.0
2034,29,110126,11.0
2035,30,110015,11.0
2036,31,110024,11.0
2037,32,110013,11.0
2038,33,110021,11.0
2039,34,109994,11.0
2040,35,110034,11.0
2041,36,110019,11.0
2042,37,110098,11.0
2043,38,110019,11.0
2044,39,110100,11.0
2045,40,109960,11.0
2046,41,110046,11.0
2047,42,109906,11.0
2048,43,110001,11.0
2049,44,110116,11.0
2050,45,110013,11.0
2051,46,110080,11.0
2052,47,110043,11.0
2053,48,109860,11.0
2054,49,110049,11.0
2055,50,110048,11.0
2056,51,110019,11.0
2057,52,110018,11.0
2058,53,110051,11.0
2059,54,110104,11.0
2060,55,109829,11.0
2061,56,109901,11.0
2062,57,110159,11.0
2063,58,110088,11.0
2064,59,110106,11.0
2065,60,109915,11.0
2066,61,109957,11.0
2067,62,110032,11.0
2068,63,110099,11.0
2069,64,110067,11.0
2070,65,110031,11.0
2071,66,109933,11.0
2072,67,109965,11.0
2073,68,110142,11.0
2074,69,110092,11.0
2075,70,109886,11.0
2076,71,109811,11.0
2077,72,110138,11.0
2078,73,110093,11.0
2079,74,110058,11.0
2080,75,109964,11.0
2081,76,110068,11.0
2082,77,110192,11.0
2083,78,110078,11.0
2084,79,109981,11.0
2085,80,110045,11.0
2086,81,110044,11.0
2087,82,110036,11.0
2088,83,109946,11.0
2089,84,109951,11.0
2090,85,110140,11.0
2091,86,109982,11.0
2092,87,109983,11.0
2093,88,109891,11.0
2094,89,109808,11.0
2095,90,110020,11.0
2096,91,110083,11.0
2097,92,110092,11.0
2098,93,110012,11.0
2099,94,110107,11.0
2100,95,110109,11.0
2101,96,110073,11.0
2102,97,109897,11.0
2103,98,109967,11.0
2104,99,110030,11.0
2105,100,110073,11.0
2106,101,110215,11.0
2107,102,110071,11.0
2108,103,110015,11.0
2109,104,109934,11.0
2110,105,109975,11.0
2111,106,109897,11.0
2112,107,109827,11.0
2113,108,109831,11.0
2114,109,110051,11.0
2115,110,110026,11.0
2116,111,110001,11.0
2117,112,109764,11.0
2118,113,109855,11.0
2119,114,110078,11.0
2120,115,109977,11.0
2121,116,109946,11.0
2122,117,109937,11.0
2123,118,110065,11.0
2124,119,109883,11.0
2125,120,109934,11.0
2126,121,109870,11.0
2127,122,110043,11.0
2128,123,109943,11.0
2129,124,109830,11.0
2130,125,109845,11.0
2131,126,110137,11.0
2132,127,109958,11.0
2133,128,109979,11.0
2134,129,109891,11.0
2135,130,110062,11.0
2136,131,109973,11.0
2137,132,109992,11.0
2138,133,110001,11.0
2139,134,109961,11.0
2140,135,110089,11.0
2141,136,109971,11.0
2142,137,110012,11.0
2143,138,109920,11.0
2144,139,110008,11.0
2145,140,109979,11.0
2146,141,109826,11.0
2147,142,109913,11.0
2148,143,109823,11.0
2149,144,109946,11.0
2150,145,109973,11.0
2151,146,109938,11.0
2152,147,110013,11.0
2153,148,110098,11.0
2154,149,110019,11.0
2155,150,109956,11.0
2156,151,110119,11.0
2157,152,109783,11.0
2158,153,109943,11.0
2159,154,109965,11.0
2160,155,109942,11.0
2161,156,109940,11.0
2162,157,110053,11.0
2163,158,110045,11.0
2164,159,109923,11.0
2165,160,110072,11.0
2166,161,109907,11.0
2167,162,109867,11.0
2168,163,109917,11.0
2169,164,109833,11.0
2170,165,110026,11.0
2171,166,109925,11.0
2172,167,109911,11.0
2173,168,109963,11.0
2174,169,109943,11.0
2175,170,109824,11.0
2176,171,109877,11.0
2177,172,109944,11.0
2178,173,109830,11.0
2179,174,109910,11.0
2180,175,109855,11.0
2181,176,109980,11.0
2182,177,110003,11.0
2183,178,109890,11.0
2184,179,110017,11.0
2185,180,110005,11.0
2186,181,110052,11.0
2187,182,109853,11.0
2188,183,109915,11.0
2189,184,109926,11.0
2190,185,109876,11.0
2191,186,110011,11.0
2192,187,109876,11.0
2193,188,109985,11.0
2194,189,109970,11.0
2195,190,109883,11.0
2196,191,109950,11.0
2197,192,109912,11.0
2198,193,109939,11.0
2199,194,110043,11.0
2200,195,109900,11.0
2201,196,109968,11.0
2202,197,109798,11.0
2203,198,109857,11.0
2204,199,109823,11.0
2205,200,109753,11.0
2206,201,109793,11.0
2207,202,110035,11.0
2208,203,110054,11.0
2209,204,109867,11.0
2210,205,109855,11.0
2211,206,109898,11.0
2212,207,110000,11.0
2213,208,109994,11.0
2214,209,109822,11.0
2215,210,109875,11.0
2216,211,109808,11.0
2217,212,109794,11.0
2218,213,109946,11.0
2219,214,109998,11.0
2220,215,109906,11.0
2221,216,109859,11.0
2222,217,109988,11.0
2223,218,109776,11.0
2224,219,109716,11.0
2225,220,109910,11.0
2226,221,109886,11.0
2227,222,109961,11.0
2228,223,110073,11.0
2229,224,109999,11.0
2230,225,109920,11.0
2231,226,109828,11.0
2232,227,109984,11.0
2233,228,109882,11.0
2234,229,109905,11.0
2235,230,109843,11.0
2236,231,109980,11.0
2237,232,109776,11.0
2238,233,109771,11.0
2239,234,109798,11.0
2240,235,109813,11.0
2241,236,109857,11.0
2242,237,109773,11.0
2243,238,109882,11.0
2244,239,109887,11.0
2245,240,109830,11.0
2246,241,109970,11.0
2247,242,109970,11.0
2248,243,109872,11.0
2249,244,109926,11.0
2250,245,109930,11.0
2251,246,110013,11.0
2252,247,109975,11.0
2253,248,109894,11.0
2254,249,109863,11.0
2255,250,109965,11.0
2256,251,109810,11.0
2257,252,109766,11.0
2258,253,109917,11.0
2259,254,109958,11.0
2260,255,109838,11.0
2261,256,109795,11.0
2262,257,109946,11.0
2263,258,109971,11.0
2264,259,109870,11.0
2265,260,109747,11.0
2266,261,109857,11.0
2267,262,109844,11.0
2268,263,109817,11.0
2269,264,109928,11.0
2270,265,109869,11.0
2271,266,109761,11.0
2272,267,109799,11.0
2273,268,109903,11.0
2274,269,109778,11.0
2275,270,109781,11.0
2276,271,109959,11.0
2277,272,109896,11.0
2278,273,109983,11.0
2279,274,109768,11.0
2280,275,109782,11.0
2281,276,109982,11.0
2282,277,109911,11.0
2283,278,109658,11.0
2284,279,109780,11.0
2285,280,109833,11.0
2286,281,109789,11.0
2287,282,109649,11.0
2288,283,109880,11.0
2289,284,109740,11.0
2290,285,109760,11.0
2291,286,109763,11.0
2292,287,109911,11.0
2293,288,109879,11.0
2294,289,109897,11.0
2295,290,109828,11.0
2296,291,109904,11.0
2297,292,109734,11.0
2298,293,109873,11.0
2299,294,109884,11.0
2300,295,109833,11.0
2301,296,109874,11.0
2302,297,109902,11.0
2303,298,109747,11.0
2304,299,109725,11.0
2305,300,109917,11.0
2306,301,109866,11.0
2307,302,109817,11.0
2308,303,109750,11.0
2309,304,109729,11.0
2310,305,109983,11.0
2311,306,109850,11.0
2312,307,109877,11.0
2313,308,109901,11.0
2314,309,109764,11.0
2315,310,109928,11.0
2316,311,109902,11.0
2317,312,109860,11.0
2318,313,109869,11.0
2319,314,109939,11.0
2320,315,109880,11.0
2321,316,109787,11.0
2322,317,109832,11.0
2323,318,109710,11.0
2324,319,109808,11.0
2325,320,109831,11.0
2326,321,109824,11.0
2327,322,109807,11.0
2328,323,109874,11.0
2329,324,109704,11.0
2330,325,109748,11.0
2331,326,109838,11.0
2332,327,109828,11.0
2333,328,109903,11.0
2334,329,109812,11.0
2335,330,109607,11.0
2336,331,109682,11.0
2337,332,109727,11.0
2338,333,109817,11.0
2339,334,109848,11.0
2340,335,109780,11.0
2341,336,109737,11.0
2342,337,109801,11.0
2343,338,109907,11.0
2344,339,109851,11.0
2345,340,109749,11.0
2346,341,109761,11.0
2347,342,109738,11.0
2348,343,109869,11.0
2349,344,109826,11.0
2350,345,109801,11.0
2351,346,109780,11.0
2352,347,109698,11.0
2353,348,109766,11.0
2354,349,109755,11.0
2355,350,109805,11.0
2356,351,109760,11.0
2357,352,109720,11.0
2358,353,109724,11.0
2359,354,109855,11.0
2360,355,109705,11.0
2361,356,109752,11.0
2362,357,109899,11.0
2363,358,109819,11.0
2364,359,109736,11.0
2365,360,109730,11.0
2366,361,109607,11.0
2367,362,109872,11.0
2368,363,109811,11.0
2369,364,109798,11.0
2370,365,109767,11.0
2371,366,109786,11.0
2372,367,109770,11.0
2373,368,109767,11.0
2374,369,109822,11.0
2375,370,109735,11.0
2376,371,109876,11.0
2377,372,109742,11.0
2378,373,109680,11.0
2379,374,109759,11.0
2380,375,109849,11.0
2381,376,109776,11.0
2382,377,109761,11.0
2383,378,109850,11.0
2384,379,109863,11.0
2385,380,109779,11.0
2386,381,109800,11.0
2387,382,109801,11.0
2388,383,109705,11.0
2389,384,109740,11.0
2390,385,109696,11.0
2391,386,109678,11.0
2392,387,109743,11.0
2393,388,109839,11.0
2394,389,109701,11.0
2395,390,109820,11.0
2396,391,109695,11.0
2397,392,109799,11.0
2398,393,109723,11.0
2399,394,109703,11.0
2400,395,109778,11.0
2401,396,109827,11.0
2402,397,109763,11.0
2403,398,109774,11.0
2404,399,109584,11.0
2405,400,109696,11.0
2406,401,109781,11.0
2407,402,109678,11.0
2408,403,109818,11.0
2409,404,109786,11.0
2410,405,109836,11.0
2411,406,109891,11.0
2412,407,109879,11.0
2413,408,109774,11.0
2414,409,109656,11.0
2415,410,109780,11.0
2416,411,109963,11.0
2417,412,110009,11.0
2418,413,109707,11.0
2419,414,109697,11.0
2420,415,109709,11.0
2421,416,109847,11.0
2422,417,109712,11.0
2423,418,109680,11.0
2424,419,109779,11.0
2425,420,109833,11.0
2426,421,109871,11.0
2427,422,109697,11.0
2428,423,109764,11.0
2429,424,109770,11.0
2430,425,109759,11.0
2431,426,109685,11.0
2432,427,109811,11.0
2433,428,109733,11.0
2434,429,109678,11.0
2435,430,109724,11.0
2436,431,109705,11.0
2437,432,109757,11.0
2438,433,109971,11.0
2439,434,109730,11.0
2440,435,109929,11.0
2441,436,109866,11.0
2442,437,109891,11.0
2443,438,109788,11.0
2444,439,109743,11.0
2445,440,109792,11.0
2446,441,109674,11.0
2447,442,109728,11.0
2448,443,109713,11.0
2449,444,109594,11.0
2450,445,109638,11.0
2451,446,109778,11.0
2452,447,109586,11.0
2453,448,109674,11.0
2454,449,109703,11.0
2455,450,109819,11.0
2456,451,109838,11.0
2457,452,109822,11.0
2458,453,109702,11.0
2459,454,109720,11.0
2460,455,109559,11.0
2461,456,109731,11.0
2462,457,109726,11.0
2463,458,109683,11.0
2464,459,109677,11.0
2465,460,109769,11.0
2466,461,109688,11.0
2467,462,109788,11.0
2468,463,109722,11.0
2469,464,109749,11.0
2470,465,109649,11.0
2471,466,109835,11.0
2472,467,109841,11.0
2473,468,109672,11.0
2474,469,109685,11.0
2475,470,109785,11.0
2476,471,109781,11.0
2477,472,109763,11.0
2478,473,109745,11.0
2479,474,109747,11.0
2480,475,109855,11.0
2481,476,109771,11.0
2482,477,109778,11.0
2483,478,109757,11.0
2484,479,109719,11.0
2485,480,109664,11.0
2486,481,109938,11.0
2487,482,109878,11.0
2488,483,109706,11.0
2489,484,109722,11.0
2490,485,109817,11.0
2491,486,109631,11.0
2492,487,109819,11.0
2493,488,109737,11.0
2494,489,109641,11.0
2495,490,109722,11.0
2496,491,109725,11.0
2497,492,109805,11.0
2498,493,109929,11.0
2499,494,109744,11.0
2500,495,109822,11.0
2501,496,109828,11.0
2502,497,109732,11.0
2503,498,109746,11.0
2504,499,109731,11.0
2505,500,109749,11.0
2506,0,239240,15.7
2507,1,239152,15.7
2508,2,239170,15.7
2509,3,239184,15.7
2510,4,239253,15.7
2511,5,239202,15.7
2512,6,239302,15.7
2513,7,239164,15.7
2514,8,239179,15.7
2515,9,239120,15.7
2516,10,239140,15.7
2517,11,239139,15.7
2518,12,239127,15.7
2519,13,239078,15.7
2520,14,239083,15.7
2521,15,239172,15.7
2522,16,239092,15.7
2523,17,239207,15.7
2524,18,239182,15.7
2525,19,238997,15.7
2526,20,239056,15.7
2527,21,239044,15.7
2528,22,239065,15.7
2529,23,239184,15.7
2530,24,239025,15.7
2531,25,239102,15.7
2532,26,239092,15.7
2533,27,238951,15.7
2534,28,239034,15.7
2535,29,238956,15.7
2536,30,238890,15.7
2537,31,238977,15.7
2538,32,239084,15.7
2539,33,238993,15.7
2540,34,238972,15.7
2541,35,239042,15.7
2542,36,239311,15.7
2543,37,239100,15.7
2544,38,239227,15.7
2545,39,239149,15.7
2546,40,239124,15.7
2547,41,239124,15.7
2548,42,239250,15.7
2549,43,239073,15.7
2550,44,238991,15.7
2551,45,239063,15.7
2552,46,239075,15.7
2553,47,239113,15.7
2554,48,239106,15.7
2555,49,238862,15.7
2556,50,238918,15.7
2557,51,239059,15.7
2558,52,239028,15.7
2559,53,239105,15.7
2560,54,239041,15.7
2561,55,238975,15.7
2562,56,238944,15.7
2563,57,239092,15.7
2564,58,238970,15.7
2565,59,239083,15.7
2566,60,239064,15.7
2567,61,239081,15.7
2568,62,239079,15.7
2569,63,239036,15.7
2570,64,239130,15.7
2571,65,239099,15.7
2572,66,239024,15.7
2573,67,239163,15.7
2574,68,239075,15.7
2575,69,239109,15.7
2576,70,239219,15.7
2577,71,239057,15.7
2578,72,239083,15.7
2579,73,239106,15.7
2580,74,239123,15.7
2581,75,239065,15.7
2582,76,239029,15.7
2583,77,238835,15.7
2584,78,239122,15.7
2585,79,239137,15.7
2586,80,239205,15.7
2587,81,239136,15.7
2588,82,239101,15.7
2589,83,238988,15.7
2590,84,238932,15.7
2591,85,238988,15.7
2592,86,238902,15.7
2593,87,239047,15.7
2594,88,239226,15.7
2595,89,239102,15.7
2596,90,239038,15.7
2597,91,239028,15.7
2598,92,239018,15.7
2599,93,239081,15.7
2600,94,239160,15.7
2601,95,238976,15.7
2602,96,239063,15.7
2603,97,239098,15.7
2604,98,239061,15.7
2605,99,238966,15.7
2606,100,239002,15.7
2607,101,239158,15.7
2608,102,239133,15.7
2609,103,239027,15.7
2610,104,239147,15.7
2611,105,238861,15.7
2612,106,238998,15.7
2613,107,238921,15.7
2614,108,238920,15.7
2615,109,239115,15.7
2616,110,238993,15.7
2617,111,238893,15.7
2618,112,238916,15.7
2619,113,239056,15.7
2620,114,239214,15.7
2621,115,239047,15.7
2622,116,239020,15.7
2623,117,239020,15.7
2624,118,239028,15.7
2625,119,238868,15.7
2626,120,239060,15.7
2627,121,239095,15.7
2628,122,238961,15.7
2629,123,239063,15.7
2630,124,239178,15.7
2631,125,239010,15.7
2632,126,238969,15.7
2633,127,239118,15.7
2634,128,239107,15.7
2635,129,238931,15.7
2636,130,239056,15.7
2637,131,238928,15.7
2638,132,238930,15.7
2639,133,238933,15.7
2640,134,239005,15.7
2641,135,238980,15.7
2642,136,239031,15.7
2643,137,238965,15.7
2644,138,238958,15.7
2645,139,239104,15.7
2646,140,239077,15.7
2647,141,238855,15.7
2648,142,239105,15.7
2649,143,239074,15.7
2650,144,239108,15.7
2651,145,239016,15.7
2652,146,239019,15.7
2653,147,238976,15.7
2654,148,239061,15.7
2655,149,239025,15.7
2656,150,238991,15.7
2657,151,238988,15.7
2658,152,239060,15.7
2659,153,238978,15.7
2660,154,238904,15.7
2661,155,239044,15.7
2662,156,238945,15.7
2663,157,238913,15.7
2664,158,238969,15.7
2665,159,238969,15.7
2666,160,238882,15.7
2667,161,238980,15.7
2668,162,239113,15.7
2669,163,239032,15.7
2670,164,239090,15.7
2671,165,239112,15.7
2672,166,238995,15.7
2673,167,238907,15.7
2674,168,238829,15.7
2675,169,238924,15.7
2676,170,238945,15.7
2677,171,238897,15.7
2678,172,238895,15.7
2679,173,238972,15.7
2680,174,239068,15.7
2681,175,239081,15.7
2682,176,238854,15.7
2683,177,238905,15.7
2684,178,238969,15.7
2685,179,238912,15.7
2686,180,238848,15.7
2687,181,238958,15.7
2688,182,238911,15.7
2689,183,239004,15.7
2690,184,238989,15.7
2691,185,239008,15.7
2692,186,239018,15.7
2693,187,238952,15.7
2694,188,238883,15.7
2695,189,238994,15.7
2696,190,239027,15.7
2697,191,238856,15.7
2698,192,238933,15.7
2699,193,238947,15.7
2700,194,238814,15.7
2701,195,238819,15.7
2702,196,238960,15.7
2703,197,238883,15.7
2704,198,238944,15.7
2705,199,238810,15.7
2706,200,238859,15.7
2707,201,239033,15.7
2708,202,238901,15.7
2709,203,238859,15.7
2710,204,238979,15.7
2711,205,239085,15.7
2712,206,239008,15.7
2713,207,238870,15.7
2714,208,238901,15.7
2715,209,238841,15.7
2716,210,238873,15.7
2717,211,238969,15.7
2718,212,238795,15.7
2719,213,238900,15.7
2720,214,239167,15.7
2721,215,238835,15.7
2722,216,238938,15.7
2723,217,238768,15.7
2724,218,238879,15.7
2725,219,238885,15.7
2726,220,238955,15.7
2727,221,238969,15.7
2728,222,238757,15.7
2729,223,238914,15.7
2730,224,238858,15.7
2731,225,238886,15.7
2732,226,238846,15.7
2733,227,238937,15.7
2734,228,238922,15.7
2735,229,239022,15.7
2736,230,238832,15.7
2737,231,238778,15.7
2738,232,238871,15.7
2739,233,238931,15.7
2740,234,238859,15.7
2741,235,239031,15.7
2742,236,238975,15.7
2743,237,238873,15.7
2744,238,238836,15.7
2745,239,238872,15.7
2746,240,238886,15.7
2747,241,238814,15.7
2748,242,238916,15.7
2749,243,238929,15.7
2750,244,238925,15.7
2751,245,238768,15.7
2752,246,238799,15.7
2753,247,238947,15.7
2754,248,238763,15.7
2755,249,239016,15.7
2756,250,238871,15.7
2757,251,238852,15.7
2758,252,238834,15.7
2759,253,238913,15.7
2760,254,238779,15.7
2761,255,238833,15.7
2762,256,238967,15.7
2763,257,238850,15.7
2764,258,238862,15.7
2765,259,238699,15.7
2766,260,238773,15.7
2767,261,238854,15.7
2768,262,238953,15.7
2769,263,239038,15.7
2770,264,238988,15.7
2771,265,238948,15.7
2772,266,238891,15.7
2773,267,238797,15.7
2774,268,238829,15.7
2775,269,238885,15.7
2776,270,238815,15.7
2777,271,238790,15.7
2778,272,238718,15.7
2779,273,238798,15.7
2780,274,238779,15.7
2781,275,238826,15.7
2782,276,238882,15.7
2783,277,238795,15.7
2784,278,238763,15.7
2785,279,238790,15.7
2786,280,238783,15.7
2787,281,238930,15.7
2788,282,238707,15.7
2789,283,238736,15.7
2790,284,238728,15.7
2791,285,238952,15.7
2792,286,238769,15.7
2793,287,238908,15.7
2794,288,238787,15.7
2795,289,238892,15.7
2796,290,238878,15.7
2797,291,238850,15.7
2798,292,238814,15.7
2799,293,238760,15.7
2800,294,238897,15.7
2801,295,238892,15.7
2802,296,238832,15.7
2803,297,238790,15.7
2804,298,239006,15.7
2805,299,238697,15.7
2806,300,238823,15.7
2807,301,238836,15.7
2808,302,238985,15.7
2809,303,238764,15.7
2810,304,238611,15.7
2811,305,238815,15.7
2812,306,238714,15.7
2813,307,238902,15.7
2814,308,238827,15.7
2815,309,238770,15.7
2816,310,238722,15.7
2817,311,238829,15.7
2818,312,238965,15.7
2819,313,238897,15.7
2820,314,238794,15.7
2821,315,238842,15.7
2822,316,238992,15.7
2823,317,238957,15.7
2824,318,238890,15.7
2825,319,238822,15.7
2826,320,238772,15.7
2827,321,238846,15.7
2828,322,238840,15.7
2829,323,238789,15.7
2830,324,238803,15.7
2831,325,238780,15.7
2832,326,238787,15.7
2833,327,238690,15.7
2834,328,238857,15.7
2835,329,238783,15.7
2836,330,238711,15.7
2837,331,238725,15.7
2838,332,238717,15.7
2839,333,238891,15.7
2840,334,238959,15.7
2841,335,238962,15.7
2842,336,238830,15.7
2843,337,238671,15.7
2844,338,238789,15.7
2845,339,238727,15.7
2846,340,238653,15.7
2847,341,239056,15.7
2848,342,238835,15.7
2849,343,238714,15.7
2850,344,238802,15.7
2851,345,238829,15.7
2852,346,238658,15.7
2853,347,238811,15.7
2854,348,238824,15.7
2855,349,238649,15.7
2856,350,238811,15.7
2857,351,238848,15.7
2858,352,238824,15.7
2859,353,238771,15.7
2860,354,238736,15.7
2861,355,238997,15.7
2862,356,238838,15.7
2863,357,238761,15.7
2864,358,238829,15.7
2865,359,238677,15.7
2866,360,238876,15.7
2867,361,238796,15.7
2868,362,238765,15.7
2869,363,238759,15.7
2870,364,238742,15.7
2871,365,238969,15.7
2872,366,238905,15.7
2873,367,238735,15.7
2874,368,238701,15.7
2875,369,238688,15.7
2876,370,238904,15.7
2877,371,238779,15.7
2878,372,238743,15.7
2879,373,238848,15.7
2880,374,238794,15.7
2881,375,238771,15.7
2882,376,238875,15.7
2883,377,238801,15.7
2884,378,238796,15.7
2885,379,238927,15.7
2886,380,238668,15.7
2887,381,238707,15.7
2888,382,238743,15.7
2889,383,238852,15.7
2890,384,238937,15.7
2891,385,238769,15.7
2892,386,238826,15.7
2893,387,238771,15.7
2894,388,238775,15.7
2895,389,238861,15.7
2896,390,238874,15.7
2897,391,238853,15.7
2898,392,238852,15.7
2899,393,238923,15.7
2900,394,238906,15.7
2901,395,238688,15.7
2902,396,238639,15.7
2903,397,238709,15.7
2904,398,238892,15.7
2905,399,238944,15.7
2906,400,238819,15.7
2907,401,238905,15.7
2908,402,238843,15.7
2909,403,238711,15.7
2910,404,238744,15.7
2911,405,238810,15.7
2912,406,238798,15.7
2913,407,238665,15.7
2914,408,238665,15.7
2915,409,238711,15.7
2916,410,238688,15.7
2917,411,238773,15.7
2918,412,238784,15.7
2919,413,238696,15.7
2920,414,238632,15.7
2921,415,238546,15.7
2922,416,238908,15.7
2923,417,238803,15.7
2924,418,238736,15.7
2925,419,238715,15.7
2926,420,238734,15.7
2927,421,238736,15.7
2928,422,238651,15.7
2929,423,238688,15.7
2930,424,238817,15.7
2931,425,238599,15.7
2932,426,238589,15.7
2933,427,238858,15.7
2934,428,238845,15.7
2935,429,238726,15.7
2936,430,238771,15.7
2937,431,238711,15.7
2938,432,238728,15.7
2939,433,238753,15.7
2940,434,238791,15.7
2941,435,238699,15.7
2942,436,238627,15.7
2943,437,238804,15.7
2944,438,238852,15.7
2945,439,238803,15.7
2946,440,238744,15.7
2947,441,238694,15.7
2948,442,238748,15.7
2949,443,238662,15.7
2950,444,238679,15.7
2951,445,238804,15.7
2952,446,238735,15.7
2953,447,238706,15.7
2954,448,238727,15.7
2955,449,238627,15.7
2956,450,238620,15.7
2957,451,238801,15.7
2958,452,238759,15.7
2959,453,238767,15.7
2960,454,238629,15.7
2961,455,238762,15.7
2962,456,238822,15.7
2963,457,238732,15.7
2964,458,238571,15.7
2965,459,238637,15.7
2966,460,238685,15.7
2967,461,238893,15.7
2968,462,238870,15.7
2969,463,238889,15.7
2970,464,238832,15.7
2971,465,238739,15.7
2972,466,238616,15.7
2973,467,238615,15.7
2974,468,238737,15.7
2975,469,238759,15.7
2976,470,238730,15.7
2977,471,238773,15.7
2978,472,238818,15.7
2979,473,238816,15.7
2980,474,238702,15.7
2981,475,238652,15.7
2982,476,238778,15.7
2983,477,238888,15.7
2984,478,238806,15.7
2985,479,238764,15.7
2986,480,238680,15.7
2987,481,238735,15.7
2988,482,238651,15.7
2989,483,238836,15.7
2990,484,238721,15.7
2991,485,238612,15.7
2992,486,238692,15.7
2993,487,238650,15.7
2994,488,238821,15.7
2995,489,238745,15.7
2996,490,238655,15.7
2997,491,238782,15.7
2998,492,238726,15.7
2999,493,238595,15.7
3000,494,238692,15.7
3001,495,238934,15.7
3002,496,238617,15.7
3003,497,238605,15.7
3004,498,238619,15.7
3005,499,238618,15.7
3006,500,238647,15.7
